<?xml version="1.0" encoding="UTF-8"?>
<!-- Created with TexturePacker http://www.codeandweb.com/texturepacker-->
<!-- $TexturePacker:SmartUpdate:296faaa70e67889ccc7ccfb916f5f803:200ab5fd46f95ec5e7c65233ed67ec7d:f7afabebcd35587b8270ff90b311ebd0$ -->
<TextureAtlas imagePath="main.png">
    <SubTexture name="bg_tile1" x="282" y="770" width="172" height="176" frameX="0" frameY="0" frameWidth="172" frameHeight="189"/>
    <SubTexture name="bg_tile2" x="249" y="2" width="174" height="151"/>
    <SubTexture name="bg_tile3" x="282" y="948" width="65" height="73"/>
    <SubTexture name="bg_tile4" x="266" y="247" width="65" height="112" frameX="0" frameY="0" frameWidth="65" frameHeight="113"/>
    <SubTexture name="coin" x="499" y="390" width="30" height="55" frameX="0" frameY="0" frameWidth="34" frameHeight="59"/>
    <SubTexture name="coins_particle" x="193" y="998" width="12" height="12"/>
    <SubTexture name="hero_10_1" x="578" y="357" width="45" height="50"/>
    <SubTexture name="hero_10_2" x="402" y="584" width="45" height="44"/>
    <SubTexture name="hero_10_3" x="612" y="409" width="45" height="50"/>
    <SubTexture name="hero_10_4" x="449" y="584" width="45" height="44"/>
    <SubTexture name="hero_11_1" x="672" y="354" width="45" height="49"/>
    <SubTexture name="hero_11_2" x="496" y="584" width="45" height="44"/>
    <SubTexture name="hero_11_3" x="613" y="146" width="45" height="49"/>
    <SubTexture name="hero_11_4" x="543" y="584" width="45" height="44"/>
    <SubTexture name="hero_12_1" x="599" y="256" width="45" height="44"/>
    <SubTexture name="hero_12_2" x="706" y="405" width="45" height="44"/>
    <SubTexture name="hero_12_3" x="719" y="347" width="45" height="44"/>
    <SubTexture name="hero_12_4" x="725" y="254" width="45" height="44"/>
    <SubTexture name="hero_13_1" x="649" y="461" width="45" height="50"/>
    <SubTexture name="hero_13_2" x="552" y="211" width="45" height="50"/>
    <SubTexture name="hero_13_3" x="583" y="302" width="45" height="50"/>
    <SubTexture name="hero_13_4" x="625" y="354" width="45" height="50"/>
    <SubTexture name="hero_14_1" x="725" y="300" width="45" height="44"/>
    <SubTexture name="hero_14_2" x="619" y="794" width="45" height="44"/>
    <SubTexture name="hero_14_3" x="619" y="840" width="45" height="44"/>
    <SubTexture name="hero_14_4" x="741" y="152" width="45" height="44"/>
    <SubTexture name="hero_15_1" x="518" y="447" width="45" height="51"/>
    <SubTexture name="hero_15_2" x="531" y="390" width="45" height="51"/>
    <SubTexture name="hero_15_3" x="552" y="500" width="45" height="51"/>
    <SubTexture name="hero_15_4" x="565" y="443" width="45" height="51"/>
    <SubTexture name="hero_16_1" x="590" y="553" width="48" height="50"/>
    <SubTexture name="hero_16_2" x="599" y="496" width="48" height="50"/>
    <SubTexture name="hero_16_3" x="640" y="548" width="48" height="50"/>
    <SubTexture name="hero_16_4" x="533" y="305" width="48" height="50"/>
    <SubTexture name="hero_1_1" x="696" y="458" width="46" height="45" frameX="0" frameY="0" frameWidth="50" frameHeight="48"/>
    <SubTexture name="hero_1_2" x="694" y="154" width="45" height="48"/>
    <SubTexture name="hero_1_3" x="755" y="102" width="45" height="44"/>
    <SubTexture name="hero_1_4" x="708" y="102" width="45" height="48"/>
    <SubTexture name="hero_2_1" x="777" y="52" width="45" height="44"/>
    <SubTexture name="hero_2_2" x="730" y="52" width="45" height="48"/>
    <SubTexture name="hero_2_3" x="781" y="2" width="45" height="44"/>
    <SubTexture name="hero_2_4" x="734" y="2" width="45" height="48"/>
    <SubTexture name="hero_3_1" x="741" y="198" width="45" height="44"/>
    <SubTexture name="hero_3_2" x="572" y="796" width="45" height="47"/>
    <SubTexture name="hero_3_3" x="657" y="886" width="45" height="44"/>
    <SubTexture name="hero_3_4" x="572" y="845" width="45" height="47"/>
    <SubTexture name="hero_4_1" x="657" y="932" width="45" height="44"/>
    <SubTexture name="hero_4_2" x="657" y="978" width="45" height="44"/>
    <SubTexture name="hero_4_3" x="666" y="736" width="45" height="44"/>
    <SubTexture name="hero_4_4" x="686" y="648" width="45" height="44"/>
    <SubTexture name="hero_5_1" x="659" y="406" width="45" height="50"/>
    <SubTexture name="hero_5_2" x="694" y="204" width="45" height="48"/>
    <SubTexture name="hero_5_3" x="566" y="152" width="45" height="50"/>
    <SubTexture name="hero_5_4" x="572" y="746" width="45" height="48"/>
    <SubTexture name="hero_6_1" x="609" y="894" width="46" height="46"/>
    <SubTexture name="hero_6_2" x="587" y="94" width="45" height="50"/>
    <SubTexture name="hero_6_3" x="609" y="942" width="46" height="46"/>
    <SubTexture name="hero_6_4" x="591" y="2" width="45" height="50"/>
    <SubTexture name="hero_7_1" x="695" y="561" width="45" height="44"/>
    <SubTexture name="hero_7_2" x="599" y="204" width="45" height="50"/>
    <SubTexture name="hero_7_3" x="737" y="505" width="45" height="44"/>
    <SubTexture name="hero_7_4" x="630" y="302" width="45" height="50"/>
    <SubTexture name="hero_8_1" x="450" y="532" width="49" height="50"/>
    <SubTexture name="hero_8_2" x="425" y="94" width="45" height="57"/>
    <SubTexture name="hero_8_3" x="501" y="532" width="49" height="50"/>
    <SubTexture name="hero_8_4" x="472" y="94" width="45" height="57"/>
    <SubTexture name="hero_9_1" x="619" y="746" width="45" height="46"/>
    <SubTexture name="hero_9_2" x="639" y="688" width="45" height="46"/>
    <SubTexture name="hero_9_3" x="648" y="600" width="45" height="46"/>
    <SubTexture name="hero_9_4" x="690" y="513" width="45" height="46"/>
    <SubTexture name="pere_1a_1" x="249" y="155" width="81" height="90" frameX="0" frameY="0" frameWidth="85" frameHeight="94"/>
    <SubTexture name="pere_1a_1_s" x="243" y="703" width="80" height="65"/>
    <SubTexture name="pere_1a_2" x="266" y="545" width="66" height="83"/>
    <SubTexture name="pere_1a_2_s" x="465" y="332" width="66" height="56"/>
    <SubTexture name="pere_1a_3" x="349" y="948" width="46" height="73"/>
    <SubTexture name="pere_1a_3_s" x="634" y="54" width="46" height="48"/>
    <SubTexture name="pere_1b_1" x="332" y="155" width="81" height="90" frameX="0" frameY="0" frameWidth="83" frameHeight="94"/>
    <SubTexture name="pere_1b_1_s" x="266" y="630" width="80" height="65"/>
    <SubTexture name="pere_1b_2" x="334" y="545" width="66" height="83"/>
    <SubTexture name="pere_1b_2_s" x="484" y="247" width="66" height="56"/>
    <SubTexture name="pere_1b_3" x="397" y="948" width="46" height="73"/>
    <SubTexture name="pere_1b_3_s" x="638" y="2" width="46" height="48"/>
    <SubTexture name="pere_2a_1" x="266" y="361" width="81" height="90" frameX="0" frameY="0" frameWidth="85" frameHeight="94"/>
    <SubTexture name="pere_2a_1_s" x="325" y="697" width="80" height="65"/>
    <SubTexture name="pere_2a_2" x="456" y="764" width="66" height="83"/>
    <SubTexture name="pere_2a_2_s" x="498" y="153" width="66" height="56"/>
    <SubTexture name="pere_2a_3" x="445" y="948" width="46" height="73"/>
    <SubTexture name="pere_2a_3_s" x="646" y="197" width="46" height="48"/>
    <SubTexture name="pere_2b_1" x="333" y="247" width="81" height="90" frameX="0" frameY="0" frameWidth="84" frameHeight="94"/>
    <SubTexture name="pere_2b_1_s" x="348" y="630" width="80" height="65"/>
    <SubTexture name="pere_2b_2" x="456" y="849" width="66" height="83"/>
    <SubTexture name="pere_2b_2_s" x="519" y="94" width="66" height="56"/>
    <SubTexture name="pere_2b_3" x="402" y="509" width="46" height="73"/>
    <SubTexture name="pere_2b_3_s" x="646" y="247" width="46" height="48"/>
    <SubTexture name="pere_3a_1" x="415" y="155" width="81" height="90" frameX="0" frameY="0" frameWidth="85" frameHeight="94"/>
    <SubTexture name="pere_3a_1_s" x="407" y="697" width="80" height="65"/>
    <SubTexture name="pere_3a_2" x="493" y="934" width="66" height="83"/>
    <SubTexture name="pere_3a_2_s" x="450" y="474" width="66" height="56"/>
    <SubTexture name="pere_3a_3" x="524" y="764" width="46" height="73"/>
    <SubTexture name="pere_3a_3_s" x="677" y="297" width="46" height="48"/>
    <SubTexture name="pere_3b_1" x="425" y="2" width="81" height="90" frameX="0" frameY="0" frameWidth="84" frameHeight="94"/>
    <SubTexture name="pere_3b_1_s" x="430" y="630" width="80" height="65"/>
    <SubTexture name="pere_3b_2" x="349" y="339" width="66" height="83"/>
    <SubTexture name="pere_3b_2_s" x="512" y="630" width="66" height="56"/>
    <SubTexture name="pere_3b_3" x="524" y="839" width="46" height="73"/>
    <SubTexture name="pere_3b_3_s" x="660" y="104" width="46" height="48"/>
    <SubTexture name="pere_4a_1" x="508" y="2" width="81" height="90" frameX="0" frameY="0" frameWidth="84" frameHeight="94"/>
    <SubTexture name="pere_4a_1_s" x="489" y="697" width="80" height="65"/>
    <SubTexture name="pere_4a_2" x="416" y="247" width="66" height="83"/>
    <SubTexture name="pere_4a_2_s" x="571" y="688" width="66" height="56"/>
    <SubTexture name="pere_4a_3" x="561" y="914" width="46" height="73"/>
    <SubTexture name="pere_4a_3_s" x="682" y="52" width="46" height="48"/>
    <SubTexture name="pere_4b_1" x="266" y="453" width="81" height="90" frameX="0" frameY="0" frameWidth="85" frameHeight="94"/>
    <SubTexture name="pere_4b_1_s" x="417" y="407" width="80" height="65"/>
    <SubTexture name="pere_4b_2" x="349" y="424" width="66" height="83"/>
    <SubTexture name="pere_4b_2_s" x="580" y="630" width="66" height="56"/>
    <SubTexture name="pere_4b_3" x="417" y="332" width="46" height="73"/>
    <SubTexture name="pere_4b_3_s" x="686" y="2" width="46" height="48"/>
    <SubTexture name="tail_particle" x="178" y="998" width="13" height="13"/>
    <SubTexture name="wall_1_1" x="126" y="2" width="121" height="255"/>
    <SubTexture name="wall_1_2" x="2" y="776" width="86" height="237"/>
    <SubTexture name="wall_1_3" x="178" y="776" width="50" height="220"/>
    <SubTexture name="wall_1_particle" x="126" y="737" width="37" height="37"/>
    <SubTexture name="wall_2_1" x="2" y="2" width="122" height="256" frameX="0" frameY="0" frameWidth="125" frameHeight="260"/>
    <SubTexture name="wall_2_2" x="90" y="776" width="86" height="237"/>
    <SubTexture name="wall_2_3" x="230" y="776" width="50" height="220"/>
    <SubTexture name="wall_2_particle" x="165" y="737" width="37" height="37"/>
    <SubTexture name="wall_3_1" x="2" y="260" width="122" height="256" frameX="0" frameY="0" frameWidth="126" frameHeight="260"/>
    <SubTexture name="wall_3_2" x="126" y="259" width="86" height="237"/>
    <SubTexture name="wall_3_3" x="214" y="259" width="50" height="220"/>
    <SubTexture name="wall_3_particle" x="204" y="737" width="37" height="37"/>
    <SubTexture name="wall_4_1" x="2" y="518" width="122" height="256" frameX="0" frameY="0" frameWidth="126" frameHeight="260"/>
    <SubTexture name="wall_4_2" x="126" y="498" width="86" height="237"/>
    <SubTexture name="wall_4_3" x="214" y="481" width="50" height="220"/>
    <SubTexture name="wall_4_particle" x="552" y="263" width="37" height="37"/>
</TextureAtlas>
