<?xml version="1.0" encoding="UTF-8"?>
<!-- Created with TexturePacker http://www.codeandweb.com/texturepacker-->
<!-- $TexturePacker:SmartUpdate:fd0a5034f76bd514d5b39fee698e51ea:019f31ec67c0875c7741b20f3720848b:cdc72d66d16ef699e2b1082e4e84d2b9$ -->
<TextureAtlas imagePath="shop.png">
    <SubTexture name="hero_10_1" x="2" y="670" width="114" height="126"/>
    <SubTexture name="hero_11_1" x="351" y="559" width="114" height="123"/>
    <SubTexture name="hero_12_1" x="118" y="801" width="114" height="110"/>
    <SubTexture name="hero_13_1" x="2" y="798" width="114" height="126"/>
    <SubTexture name="hero_14_1" x="234" y="687" width="114" height="110"/>
    <SubTexture name="hero_15_1" x="119" y="557" width="114" height="128"/>
    <SubTexture name="hero_16_1" x="311" y="131" width="121" height="126"/>
    <SubTexture name="hero_1_1" x="2" y="557" width="115" height="111" frameX="0" frameY="0" frameWidth="119" frameHeight="115"/>
    <SubTexture name="hero_2_1" x="118" y="687" width="114" height="110"/>
    <SubTexture name="hero_3_1" x="234" y="799" width="114" height="110"/>
    <SubTexture name="hero_4_1" x="234" y="911" width="114" height="110"/>
    <SubTexture name="hero_5_1" x="235" y="559" width="114" height="126"/>
    <SubTexture name="hero_6_1" x="311" y="442" width="116" height="115"/>
    <SubTexture name="hero_7_1" x="350" y="801" width="114" height="110"/>
    <SubTexture name="hero_8_1" x="311" y="2" width="123" height="127"/>
    <SubTexture name="hero_9_1" x="351" y="684" width="114" height="115"/>
    <SubTexture name="hero_lock" x="311" y="259" width="119" height="181"/>
    <SubTexture name="hero_podlog" x="2" y="2" width="307" height="553" frameX="0" frameY="0" frameWidth="307" frameHeight="610"/>
</TextureAtlas>
