{
    "en": {
        "label0": "Best",
        "label1": "Save me?",
        "label2": "New record",
        "label3": "Plays",
        "label4": "Today´s best",
        "label5": "Average"
    },
    "de": {
        "label0": "Rekord",
        "label1": "Weiterspielen?",
        "label2": "Neuer Rekord",
        "label3": "Spiele\ngespielt",
        "label4": "Tages-\nbestwert",
        "label5": "Durchschnitt"
    },

    "es": {
        "label0": "Mejor",
        "label1": "¿Me salvas?",
        "label2": "Nuevo récord",
        "label3": "Jugadas",
        "label4": "Mejor puntuación\nde hoy",
        "label5": "Media"
    },

    "fr": {
        "label0": "Meilleur",
        "label1": "Sauve-moi ?",
        "label2": "Nouvel\nenregistrement",
        "label3": "Jeux",
        "label4": "Le meilleur\nd'aujourd'hui",
        "label5": "Moyenne"
    },

    "pt": {
        "label0": "Melhor",
        "label1": "Salvar-me?",
        "label2": "Novo recorde",
        "label3": "Jogadas",
        "label4": "O melhor\nde hoje",
        "label5": "Média"
    },

    "nl": {
        "label0": "Record",
        "label1": "Red je mij?",
        "label2": "Nieuw record",
        "label3": "Spellen \ngespeeld",
        "label4": "Dagrecord",
        "label5": "Gemiddelde"
    },

    "pl": {
        "label0": "Najlepsze",
        "label1": "Zapisać?",
        "label2": "Nowy rekord",
        "label3": "Gier",
        "label4": "Najlepszy\ndzisiaj",
        "label5": "Średnia"
    },

    "it": {
        "label0": "Migliore",
        "label1": "Vuoi salvarmi?",
        "label2": "Nuovo record",
        "label3": "Gioca",
        "label4": "Il migliore\ndi oggi",
        "label5": "Media"
    },
    "ru": {
        "label0": "Рекорд",
        "label1": "Спасешь меня?",
        "label2": "Новый рекорд",
        "label3": "Игр",
        "label4": "Сегодняшний\nрекорд",
        "label5": "Среднее"
    }, 
    "tr": {
        "label0": "En İyi",
        "label1": "Beni Kaydet?",
        "label2": "Yeni rekor",
        "label3": "Oyunlar",
        "label4": "Bugünün\nen iyisi",
        "label5": "Ortalama" 
    }

}