{"frames": {
"levels_card":
{
	"frame": {"x":0,"y":0,"w":251,"h":314},
	"rotated": false,
	"trimmed": true,
	"spriteSourceSize": {"x":0,"y":0,"w":251,"h":314},
	"sourceSize": {"w":251,"h":314}
}
,"levels_a_1":
{
	"frame": {"x":252,"y":0,"w":331,"h":256},
	"rotated": false,
	"trimmed": true,
	"spriteSourceSize": {"x":0,"y":0,"w":331,"h":256},
	"sourceSize": {"w":331,"h":256}
}
,"main_title_l":
{
	"frame": {"x":584,"y":0,"w":378,"h":254},
	"rotated": false,
	"trimmed": true,
	"spriteSourceSize": {"x":0,"y":0,"w":378,"h":254},
	"sourceSize": {"w":378,"h":254}
}
,"levels_char":
{
	"frame": {"x":963,"y":0,"w":166,"h":197},
	"rotated": false,
	"trimmed": true,
	"spriteSourceSize": {"x":0,"y":0,"w":166,"h":197},
	"sourceSize": {"w":166,"h":197}
}
,"levels_app_model":
{
	"frame": {"x":963,"y":0,"w":166,"h":197},
	"rotated": false,
	"trimmed": true,
	"spriteSourceSize": {"x":0,"y":0,"w":166,"h":197},
	"sourceSize": {"w":166,"h":197}
}
,"levels_proto":
{
	"frame": {"x":1130,"y":0,"w":166,"h":197},
	"rotated": false,
	"trimmed": true,
	"spriteSourceSize": {"x":0,"y":0,"w":166,"h":197},
	"sourceSize": {"w":166,"h":197}
}
,"levels_a2":
{
	"frame": {"x":1297,"y":0,"w":166,"h":197},
	"rotated": false,
	"trimmed": true,
	"spriteSourceSize": {"x":0,"y":0,"w":166,"h":197},
	"sourceSize": {"w":166,"h":197}
}
,"levels_tp_14":
{
	"frame": {"x":1464,"y":0,"w":166,"h":179},
	"rotated": false,
	"trimmed": true,
	"spriteSourceSize": {"x":0,"y":0,"w":166,"h":179},
	"sourceSize": {"w":166,"h":179}
}
,"main_title_r":
{
	"frame": {"x":1631,"y":0,"w":214,"h":164},
	"rotated": false,
	"trimmed": true,
	"spriteSourceSize": {"x":0,"y":0,"w":214,"h":164},
	"sourceSize": {"w":214,"h":164}
}
,"levels_a_0":
{
	"frame": {"x":1846,"y":0,"w":108,"h":159},
	"rotated": false,
	"trimmed": true,
	"spriteSourceSize": {"x":0,"y":0,"w":108,"h":159},
	"sourceSize": {"w":108,"h":159}
}
,"main_btn_start":
{
	"frame": {"x":1916,"y":160,"w":131,"h":151},
	"rotated": false,
	"trimmed": true,
	"spriteSourceSize": {"x":0,"y":0,"w":131,"h":151},
	"sourceSize": {"w":131,"h":151}
}
,"levels_tp_6":
{
	"frame": {"x":1749,"y":165,"w":166,"h":150},
	"rotated": false,
	"trimmed": true,
	"spriteSourceSize": {"x":0,"y":0,"w":166,"h":150},
	"sourceSize": {"w":166,"h":150}
}
,"msg_wnd":
{
	"frame": {"x":1268,"y":198,"w":480,"h":139},
	"rotated": false,
	"trimmed": true,
	"spriteSourceSize": {"x":0,"y":0,"w":480,"h":139},
	"sourceSize": {"w":480,"h":139}
}
,"msg_msg_back_buy":
{
	"frame": {"x":1268,"y":198,"w":480,"h":139},
	"rotated": false,
	"trimmed": true,
	"spriteSourceSize": {"x":0,"y":0,"w":480,"h":139},
	"sourceSize": {"w":480,"h":139}
}
,"msg_btn_movie":
{
	"frame": {"x":1118,"y":198,"w":149,"h":136},
	"rotated": false,
	"trimmed": true,
	"spriteSourceSize": {"x":0,"y":0,"w":149,"h":136},
	"sourceSize": {"w":149,"h":136}
}
,"msg_btn_mul":
{
	"frame": {"x":991,"y":198,"w":126,"h":136},
	"rotated": false,
	"trimmed": true,
	"spriteSourceSize": {"x":0,"y":0,"w":126,"h":136},
	"sourceSize": {"w":126,"h":136}
}
,"game_shad":
{
	"frame": {"x":894,"y":255,"w":96,"h":128},
	"rotated": false,
	"trimmed": true,
	"spriteSourceSize": {"x":0,"y":0,"w":96,"h":128},
	"sourceSize": {"w":96,"h":128}
}
,"game_col_back":
{
	"frame": {"x":797,"y":255,"w":96,"h":128},
	"rotated": false,
	"trimmed": true,
	"spriteSourceSize": {"x":0,"y":0,"w":96,"h":128},
	"sourceSize": {"w":96,"h":128}
}
,"msg_shad":
{
	"frame": {"x":700,"y":255,"w":96,"h":128},
	"rotated": false,
	"trimmed": true,
	"spriteSourceSize": {"x":0,"y":0,"w":96,"h":128},
	"sourceSize": {"w":96,"h":128}
}
,"levels_col_back":
{
	"frame": {"x":797,"y":255,"w":96,"h":128},
	"rotated": false,
	"trimmed": true,
	"spriteSourceSize": {"x":0,"y":0,"w":96,"h":128},
	"sourceSize": {"w":96,"h":128}
}
,"main_col_back":
{
	"frame": {"x":797,"y":255,"w":96,"h":128},
	"rotated": false,
	"trimmed": true,
	"spriteSourceSize": {"x":0,"y":0,"w":96,"h":128},
	"sourceSize": {"w":96,"h":128}
}
,"levels_tp_1":
{
	"frame": {"x":533,"y":257,"w":166,"h":126},
	"rotated": false,
	"trimmed": true,
	"spriteSourceSize": {"x":0,"y":0,"w":166,"h":126},
	"sourceSize": {"w":166,"h":126}
}
,"levels_mini_card":
{
	"frame": {"x":431,"y":257,"w":101,"h":126},
	"rotated": false,
	"trimmed": true,
	"spriteSourceSize": {"x":0,"y":0,"w":101,"h":126},
	"sourceSize": {"w":101,"h":126}
}
,"levels_tp_5":
{
	"frame": {"x":264,"y":257,"w":166,"h":123},
	"rotated": false,
	"trimmed": true,
	"spriteSourceSize": {"x":0,"y":0,"w":166,"h":123},
	"sourceSize": {"w":166,"h":123}
}
,"levels_tp_4":
{
	"frame": {"x":97,"y":315,"w":166,"h":123},
	"rotated": false,
	"trimmed": true,
	"spriteSourceSize": {"x":0,"y":0,"w":166,"h":123},
	"sourceSize": {"w":166,"h":123}
}
,"levels_tp_11":
{
	"frame": {"x":1881,"y":316,"w":166,"h":123},
	"rotated": false,
	"trimmed": true,
	"spriteSourceSize": {"x":0,"y":0,"w":166,"h":123},
	"sourceSize": {"w":166,"h":123}
}
,"levels_tp_0":
{
	"frame": {"x":1714,"y":338,"w":166,"h":123},
	"rotated": false,
	"trimmed": true,
	"spriteSourceSize": {"x":0,"y":0,"w":166,"h":123},
	"sourceSize": {"w":166,"h":123}
}
,"levels_tp_13":
{
	"frame": {"x":1547,"y":338,"w":166,"h":123},
	"rotated": false,
	"trimmed": true,
	"spriteSourceSize": {"x":0,"y":0,"w":166,"h":123},
	"sourceSize": {"w":166,"h":123}
}
,"levels_tp_10":
{
	"frame": {"x":1380,"y":338,"w":166,"h":119},
	"rotated": false,
	"trimmed": true,
	"spriteSourceSize": {"x":0,"y":0,"w":166,"h":119},
	"sourceSize": {"w":166,"h":119}
}
,"levels_btn_lot":
{
	"frame": {"x":1264,"y":338,"w":115,"h":114},
	"rotated": false,
	"trimmed": true,
	"spriteSourceSize": {"x":0,"y":0,"w":115,"h":114},
	"sourceSize": {"w":115,"h":114}
}
,"levels_btn_gift":
{
	"frame": {"x":1264,"y":338,"w":115,"h":114},
	"rotated": false,
	"trimmed": true,
	"spriteSourceSize": {"x":0,"y":0,"w":115,"h":114},
	"sourceSize": {"w":115,"h":114}
}
,"levels_tp_2":
{
	"frame": {"x":1097,"y":335,"w":166,"h":108},
	"rotated": false,
	"trimmed": true,
	"spriteSourceSize": {"x":0,"y":0,"w":166,"h":108},
	"sourceSize": {"w":166,"h":108}
}
,"levels_tp_12":
{
	"frame": {"x":931,"y":384,"w":165,"h":106},
	"rotated": false,
	"trimmed": true,
	"spriteSourceSize": {"x":0,"y":0,"w":165,"h":106},
	"sourceSize": {"w":165,"h":106}
}
,"levels_tp_3":
{
	"frame": {"x":764,"y":384,"w":166,"h":99},
	"rotated": false,
	"trimmed": true,
	"spriteSourceSize": {"x":0,"y":0,"w":166,"h":99},
	"sourceSize": {"w":166,"h":99}
}
,"levels_shop_panel":
{
	"frame": {"x":507,"y":384,"w":256,"h":96},
	"rotated": false,
	"trimmed": true,
	"spriteSourceSize": {"x":0,"y":0,"w":256,"h":96},
	"sourceSize": {"w":256,"h":96}
}
,"levels_back":
{
	"frame": {"x":1955,"y":0,"w":92,"h":93},
	"rotated": false,
	"trimmed": true,
	"spriteSourceSize": {"x":1,"y":0,"w":93,"h":93},
	"sourceSize": {"w":93,"h":93}
}
,"game_back":
{
	"frame": {"x":1955,"y":0,"w":92,"h":93},
	"rotated": false,
	"trimmed": true,
	"spriteSourceSize": {"x":1,"y":0,"w":93,"h":93},
	"sourceSize": {"w":93,"h":93}
}
,"main_back":
{
	"frame": {"x":1955,"y":0,"w":92,"h":93},
	"rotated": false,
	"trimmed": true,
	"spriteSourceSize": {"x":1,"y":0,"w":93,"h":93},
	"sourceSize": {"w":93,"h":93}
}
,"levels_md_5":
{
	"frame": {"x":384,"y":384,"w":122,"h":88},
	"rotated": false,
	"trimmed": true,
	"spriteSourceSize": {"x":0,"y":0,"w":122,"h":88},
	"sourceSize": {"w":122,"h":88}
}
,"tree_tree_anim_20":
{
	"frame": {"x":19,"y":315,"w":77,"h":88},
	"rotated": false,
	"trimmed": true,
	"spriteSourceSize": {"x":0,"y":1,"w":81,"h":94},
	"sourceSize": {"w":81,"h":94}
}
,"tree_tree_anim_21":
{
	"frame": {"x":309,"y":381,"w":74,"h":88},
	"rotated": false,
	"trimmed": true,
	"spriteSourceSize": {"x":1,"y":0,"w":81,"h":94},
	"sourceSize": {"w":81,"h":94}
}
,"tree_tree_anim_22":
{
	"frame": {"x":0,"y":404,"w":71,"h":88},
	"rotated": false,
	"trimmed": true,
	"spriteSourceSize": {"x":1,"y":0,"w":81,"h":94},
	"sourceSize": {"w":81,"h":94}
}
,"tree_tree_anim_23":
{
	"frame": {"x":72,"y":439,"w":68,"h":88},
	"rotated": false,
	"trimmed": true,
	"spriteSourceSize": {"x":2,"y":0,"w":81,"h":94},
	"sourceSize": {"w":81,"h":94}
}
,"tree_tree_anim_24":
{
	"frame": {"x":141,"y":439,"w":64,"h":87},
	"rotated": false,
	"trimmed": true,
	"spriteSourceSize": {"x":4,"y":1,"w":81,"h":94},
	"sourceSize": {"w":81,"h":94}
}
,"tree_tree_anim_19":
{
	"frame": {"x":206,"y":439,"w":79,"h":86},
	"rotated": false,
	"trimmed": true,
	"spriteSourceSize": {"x":0,"y":3,"w":81,"h":94},
	"sourceSize": {"w":81,"h":94}
}
,"tree_tree_anim_25":
{
	"frame": {"x":1984,"y":440,"w":63,"h":86},
	"rotated": false,
	"trimmed": true,
	"spriteSourceSize": {"x":5,"y":3,"w":81,"h":94},
	"sourceSize": {"w":81,"h":94}
}
,"levels_md_8":
{
	"frame": {"x":1900,"y":440,"w":83,"h":84},
	"rotated": false,
	"trimmed": true,
	"spriteSourceSize": {"x":0,"y":0,"w":83,"h":84},
	"sourceSize": {"w":83,"h":84}
}
,"tree_tree_anim_26":
{
	"frame": {"x":1097,"y":444,"w":60,"h":84},
	"rotated": false,
	"trimmed": true,
	"spriteSourceSize": {"x":8,"y":4,"w":81,"h":94},
	"sourceSize": {"w":81,"h":94}
}
,"tree_tree_anim_27":
{
	"frame": {"x":1158,"y":444,"w":56,"h":83},
	"rotated": false,
	"trimmed": true,
	"spriteSourceSize": {"x":12,"y":6,"w":81,"h":94},
	"sourceSize": {"w":81,"h":94}
}
,"levels_btn_take":
{
	"frame": {"x":1215,"y":462,"w":453,"h":81},
	"rotated": false,
	"trimmed": true,
	"spriteSourceSize": {"x":0,"y":0,"w":453,"h":81},
	"sourceSize": {"w":453,"h":81}
}
,"game_btn_back":
{
	"frame": {"x":1669,"y":462,"w":89,"h":81},
	"rotated": false,
	"trimmed": true,
	"spriteSourceSize": {"x":0,"y":0,"w":89,"h":81},
	"sourceSize": {"w":89,"h":81}
}
,"levels_btn_back":
{
	"frame": {"x":1669,"y":462,"w":89,"h":81},
	"rotated": false,
	"trimmed": true,
	"spriteSourceSize": {"x":0,"y":0,"w":89,"h":81},
	"sourceSize": {"w":89,"h":81}
}
,"game_btn_restart":
{
	"frame": {"x":1759,"y":462,"w":89,"h":81},
	"rotated": false,
	"trimmed": true,
	"spriteSourceSize": {"x":0,"y":0,"w":89,"h":81},
	"sourceSize": {"w":89,"h":81}
}
,"levels_btn_back_shop":
{
	"frame": {"x":1669,"y":462,"w":89,"h":81},
	"rotated": false,
	"trimmed": true,
	"spriteSourceSize": {"x":0,"y":0,"w":89,"h":81},
	"sourceSize": {"w":89,"h":81}
}
,"game_btn_no_snd":
{
	"frame": {"x":286,"y":470,"w":89,"h":81},
	"rotated": false,
	"trimmed": true,
	"spriteSourceSize": {"x":0,"y":0,"w":89,"h":81},
	"sourceSize": {"w":89,"h":81}
}
,"levels_btn_snd":
{
	"frame": {"x":826,"y":484,"w":89,"h":81},
	"rotated": false,
	"trimmed": true,
	"spriteSourceSize": {"x":0,"y":0,"w":89,"h":81},
	"sourceSize": {"w":89,"h":81}
}
,"levels_btn_no_snd":
{
	"frame": {"x":286,"y":470,"w":89,"h":81},
	"rotated": false,
	"trimmed": true,
	"spriteSourceSize": {"x":0,"y":0,"w":89,"h":81},
	"sourceSize": {"w":89,"h":81}
}
,"main_btn_more":
{
	"frame": {"x":376,"y":473,"w":89,"h":81},
	"rotated": false,
	"trimmed": true,
	"spriteSourceSize": {"x":0,"y":0,"w":89,"h":81},
	"sourceSize": {"w":89,"h":81}
}
,"msg_btn_restart":
{
	"frame": {"x":466,"y":481,"w":89,"h":81},
	"rotated": false,
	"trimmed": true,
	"spriteSourceSize": {"x":0,"y":0,"w":89,"h":81},
	"sourceSize": {"w":89,"h":81}
}
,"msg_btn_buy":
{
	"frame": {"x":556,"y":481,"w":89,"h":81},
	"rotated": false,
	"trimmed": true,
	"spriteSourceSize": {"x":0,"y":0,"w":89,"h":81},
	"sourceSize": {"w":89,"h":81}
}
,"main_btn_snd":
{
	"frame": {"x":826,"y":484,"w":89,"h":81},
	"rotated": false,
	"trimmed": true,
	"spriteSourceSize": {"x":0,"y":0,"w":89,"h":81},
	"sourceSize": {"w":89,"h":81}
}
,"msg_btn_close_buy":
{
	"frame": {"x":646,"y":481,"w":89,"h":81},
	"rotated": false,
	"trimmed": true,
	"spriteSourceSize": {"x":0,"y":0,"w":89,"h":81},
	"sourceSize": {"w":89,"h":81}
}
,"msg_btn_next":
{
	"frame": {"x":736,"y":484,"w":89,"h":81},
	"rotated": false,
	"trimmed": true,
	"spriteSourceSize": {"x":0,"y":0,"w":89,"h":81},
	"sourceSize": {"w":89,"h":81}
}
,"main_btn_no_snd":
{
	"frame": {"x":286,"y":470,"w":89,"h":81},
	"rotated": false,
	"trimmed": true,
	"spriteSourceSize": {"x":0,"y":0,"w":89,"h":81},
	"sourceSize": {"w":89,"h":81}
}
,"game_btn_snd":
{
	"frame": {"x":826,"y":484,"w":89,"h":81},
	"rotated": false,
	"trimmed": true,
	"spriteSourceSize": {"x":0,"y":0,"w":89,"h":81},
	"sourceSize": {"w":89,"h":81}
}
,"msg_btn_ok":
{
	"frame": {"x":556,"y":481,"w":89,"h":81},
	"rotated": false,
	"trimmed": true,
	"spriteSourceSize": {"x":0,"y":0,"w":89,"h":81},
	"sourceSize": {"w":89,"h":81}
}
,"levels_btn_sl":
{
	"frame": {"x":916,"y":491,"w":71,"h":81},
	"rotated": false,
	"trimmed": true,
	"spriteSourceSize": {"x":0,"y":0,"w":71,"h":81},
	"sourceSize": {"w":71,"h":81}
}
,"levels_btn_sr":
{
	"frame": {"x":988,"y":491,"w":71,"h":81},
	"rotated": false,
	"trimmed": true,
	"spriteSourceSize": {"x":0,"y":0,"w":71,"h":81},
	"sourceSize": {"w":71,"h":81}
}
,"tree_tree_anim_28":
{
	"frame": {"x":0,"y":493,"w":56,"h":81},
	"rotated": false,
	"trimmed": true,
	"spriteSourceSize": {"x":13,"y":8,"w":81,"h":94},
	"sourceSize": {"w":81,"h":94}
}
,"tree_tree_anim_18":
{
	"frame": {"x":57,"y":528,"w":81,"h":80},
	"rotated": false,
	"trimmed": true,
	"spriteSourceSize": {"x":0,"y":8,"w":81,"h":94},
	"sourceSize": {"w":81,"h":94}
}
,"levels_lock_item":
{
	"frame": {"x":1809,"y":544,"w":238,"h":79},
	"rotated": false,
	"trimmed": true,
	"spriteSourceSize": {"x":0,"y":0,"w":238,"h":79},
	"sourceSize": {"w":238,"h":79}
}
,"levels_md_4":
{
	"frame": {"x":139,"y":528,"w":113,"h":79},
	"rotated": false,
	"trimmed": true,
	"spriteSourceSize": {"x":0,"y":0,"w":113,"h":79},
	"sourceSize": {"w":113,"h":79}
}
,"tree_tree_anim_10":
{
	"frame": {"x":1060,"y":529,"w":81,"h":79},
	"rotated": false,
	"trimmed": true,
	"spriteSourceSize": {"x":0,"y":9,"w":81,"h":94},
	"sourceSize": {"w":81,"h":94}
}
,"tree_tree_anim_29":
{
	"frame": {"x":1142,"y":529,"w":56,"h":79},
	"rotated": false,
	"trimmed": true,
	"spriteSourceSize": {"x":13,"y":9,"w":81,"h":94},
	"sourceSize": {"w":81,"h":94}
}
,"tree_tree_anim_11":
{
	"frame": {"x":1199,"y":544,"w":81,"h":78},
	"rotated": false,
	"trimmed": true,
	"spriteSourceSize": {"x":0,"y":11,"w":81,"h":94},
	"sourceSize": {"w":81,"h":94}
}
,"tree_tree_anim_9":
{
	"frame": {"x":1281,"y":544,"w":81,"h":78},
	"rotated": false,
	"trimmed": true,
	"spriteSourceSize": {"x":0,"y":11,"w":81,"h":94},
	"sourceSize": {"w":81,"h":94}
}
,"main_cloud_2":
{
	"frame": {"x":1363,"y":544,"w":98,"h":77},
	"rotated": false,
	"trimmed": true,
	"spriteSourceSize": {"x":0,"y":0,"w":98,"h":77},
	"sourceSize": {"w":98,"h":77}
}
,"tree_tree_anim_30":
{
	"frame": {"x":1462,"y":544,"w":56,"h":77},
	"rotated": false,
	"trimmed": true,
	"spriteSourceSize": {"x":13,"y":11,"w":81,"h":94},
	"sourceSize": {"w":81,"h":94}
}
,"levels_shop_0":
{
	"frame": {"x":1519,"y":544,"w":72,"h":76},
	"rotated": false,
	"trimmed": true,
	"spriteSourceSize": {"x":0,"y":0,"w":72,"h":76},
	"sourceSize": {"w":72,"h":76}
}
,"levels_shop_1":
{
	"frame": {"x":1592,"y":544,"w":72,"h":76},
	"rotated": false,
	"trimmed": true,
	"spriteSourceSize": {"x":0,"y":0,"w":72,"h":76},
	"sourceSize": {"w":72,"h":76}
}
,"levels_shop_2":
{
	"frame": {"x":1665,"y":544,"w":72,"h":76},
	"rotated": false,
	"trimmed": true,
	"spriteSourceSize": {"x":0,"y":0,"w":72,"h":76},
	"sourceSize": {"w":72,"h":76}
}
,"tree_tree_anim_31":
{
	"frame": {"x":1738,"y":544,"w":56,"h":76},
	"rotated": false,
	"trimmed": true,
	"spriteSourceSize": {"x":13,"y":13,"w":81,"h":94},
	"sourceSize": {"w":81,"h":94}
}
,"tree_tree_anim_12":
{
	"frame": {"x":253,"y":552,"w":81,"h":75},
	"rotated": false,
	"trimmed": true,
	"spriteSourceSize": {"x":0,"y":13,"w":81,"h":94},
	"sourceSize": {"w":81,"h":94}
}
,"levels_tp_9":
{
	"frame": {"x":335,"y":563,"w":166,"h":74},
	"rotated": false,
	"trimmed": true,
	"spriteSourceSize": {"x":0,"y":0,"w":166,"h":74},
	"sourceSize": {"w":166,"h":74}
}
,"levels_btn_shop":
{
	"frame": {"x":502,"y":563,"w":92,"h":73},
	"rotated": false,
	"trimmed": true,
	"spriteSourceSize": {"x":0,"y":0,"w":92,"h":73},
	"sourceSize": {"w":92,"h":73}
}
,"levels_dn_7":
{
	"frame": {"x":595,"y":563,"w":84,"h":73},
	"rotated": false,
	"trimmed": true,
	"spriteSourceSize": {"x":0,"y":0,"w":84,"h":73},
	"sourceSize": {"w":84,"h":73}
}
,"tree_tree_anim_17":
{
	"frame": {"x":680,"y":566,"w":79,"h":73},
	"rotated": false,
	"trimmed": true,
	"spriteSourceSize": {"x":1,"y":15,"w":81,"h":94},
	"sourceSize": {"w":81,"h":94}
}
,"tree_tree_anim_8":
{
	"frame": {"x":760,"y":566,"w":79,"h":73},
	"rotated": false,
	"trimmed": true,
	"spriteSourceSize": {"x":1,"y":16,"w":81,"h":94},
	"sourceSize": {"w":81,"h":94}
}
,"tree_tree_anim_32":
{
	"frame": {"x":840,"y":566,"w":56,"h":73},
	"rotated": false,
	"trimmed": true,
	"spriteSourceSize": {"x":13,"y":15,"w":81,"h":94},
	"sourceSize": {"w":81,"h":94}
}
,"levels_btn_start":
{
	"frame": {"x":897,"y":573,"w":89,"h":71},
	"rotated": false,
	"trimmed": true,
	"spriteSourceSize": {"x":0,"y":0,"w":89,"h":71},
	"sourceSize": {"w":89,"h":71}
}
,"tree_tree_anim_13":
{
	"frame": {"x":0,"y":609,"w":79,"h":71},
	"rotated": false,
	"trimmed": true,
	"spriteSourceSize": {"x":1,"y":18,"w":81,"h":94},
	"sourceSize": {"w":81,"h":94}
}
,"tree_tree_anim_33":
{
	"frame": {"x":987,"y":573,"w":56,"h":71},
	"rotated": false,
	"trimmed": true,
	"spriteSourceSize": {"x":13,"y":18,"w":81,"h":94},
	"sourceSize": {"w":81,"h":94}
}
,"tree_tree_anim_14":
{
	"frame": {"x":80,"y":609,"w":78,"h":70},
	"rotated": false,
	"trimmed": true,
	"spriteSourceSize": {"x":1,"y":18,"w":81,"h":94},
	"sourceSize": {"w":81,"h":94}
}
,"tree_tree_anim_16":
{
	"frame": {"x":159,"y":608,"w":78,"h":70},
	"rotated": false,
	"trimmed": true,
	"spriteSourceSize": {"x":1,"y":18,"w":81,"h":94},
	"sourceSize": {"w":81,"h":94}
}
,"tree_tree_anim_15":
{
	"frame": {"x":1044,"y":609,"w":77,"h":70},
	"rotated": false,
	"trimmed": true,
	"spriteSourceSize": {"x":2,"y":18,"w":81,"h":94},
	"sourceSize": {"w":81,"h":94}
}
,"tree_tree_anim_7":
{
	"frame": {"x":1122,"y":609,"w":76,"h":70},
	"rotated": false,
	"trimmed": true,
	"spriteSourceSize": {"x":2,"y":18,"w":81,"h":94},
	"sourceSize": {"w":81,"h":94}
}
,"tree_tree_anim_6":
{
	"frame": {"x":1199,"y":623,"w":73,"h":70},
	"rotated": false,
	"trimmed": true,
	"spriteSourceSize": {"x":4,"y":18,"w":81,"h":94},
	"sourceSize": {"w":81,"h":94}
}
,"tree_tree_anim_3":
{
	"frame": {"x":1273,"y":623,"w":73,"h":70},
	"rotated": false,
	"trimmed": true,
	"spriteSourceSize": {"x":3,"y":18,"w":81,"h":94},
	"sourceSize": {"w":81,"h":94}
}
,"tree_tree_anim_5":
{
	"frame": {"x":1347,"y":623,"w":70,"h":70},
	"rotated": false,
	"trimmed": true,
	"spriteSourceSize": {"x":5,"y":18,"w":81,"h":94},
	"sourceSize": {"w":81,"h":94}
}
,"tree_tree_anim_4":
{
	"frame": {"x":1418,"y":622,"w":70,"h":70},
	"rotated": false,
	"trimmed": true,
	"spriteSourceSize": {"x":5,"y":18,"w":81,"h":94},
	"sourceSize": {"w":81,"h":94}
}
,"tree_tree_anim_0":
{
	"frame": {"x":1489,"y":622,"w":66,"h":70},
	"rotated": false,
	"trimmed": true,
	"spriteSourceSize": {"x":8,"y":18,"w":81,"h":94},
	"sourceSize": {"w":81,"h":94}
}
,"tree_tree_anim_1":
{
	"frame": {"x":1556,"y":621,"w":64,"h":70},
	"rotated": false,
	"trimmed": true,
	"spriteSourceSize": {"x":9,"y":18,"w":81,"h":94},
	"sourceSize": {"w":81,"h":94}
}
,"levels_b_6":
{
	"frame": {"x":1621,"y":621,"w":63,"h":70},
	"rotated": false,
	"trimmed": true,
	"spriteSourceSize": {"x":0,"y":0,"w":63,"h":70},
	"sourceSize": {"w":63,"h":70}
}
,"levels_b_8":
{
	"frame": {"x":1621,"y":621,"w":63,"h":70},
	"rotated": false,
	"trimmed": true,
	"spriteSourceSize": {"x":0,"y":0,"w":63,"h":70},
	"sourceSize": {"w":63,"h":70}
}
,"levels_b_9":
{
	"frame": {"x":1621,"y":621,"w":63,"h":70},
	"rotated": false,
	"trimmed": true,
	"spriteSourceSize": {"x":0,"y":0,"w":63,"h":70},
	"sourceSize": {"w":63,"h":70}
}
,"levels_b_5":
{
	"frame": {"x":1621,"y":621,"w":63,"h":70},
	"rotated": false,
	"trimmed": true,
	"spriteSourceSize": {"x":0,"y":0,"w":63,"h":70},
	"sourceSize": {"w":63,"h":70}
}
,"levels_b_7":
{
	"frame": {"x":1621,"y":621,"w":63,"h":70},
	"rotated": false,
	"trimmed": true,
	"spriteSourceSize": {"x":0,"y":0,"w":63,"h":70},
	"sourceSize": {"w":63,"h":70}
}
,"levels_b_15":
{
	"frame": {"x":1621,"y":621,"w":63,"h":70},
	"rotated": false,
	"trimmed": true,
	"spriteSourceSize": {"x":0,"y":0,"w":63,"h":70},
	"sourceSize": {"w":63,"h":70}
}
,"levels_b_19":
{
	"frame": {"x":1621,"y":621,"w":63,"h":70},
	"rotated": false,
	"trimmed": true,
	"spriteSourceSize": {"x":0,"y":0,"w":63,"h":70},
	"sourceSize": {"w":63,"h":70}
}
,"levels_b_16":
{
	"frame": {"x":1621,"y":621,"w":63,"h":70},
	"rotated": false,
	"trimmed": true,
	"spriteSourceSize": {"x":0,"y":0,"w":63,"h":70},
	"sourceSize": {"w":63,"h":70}
}
,"levels_b_18":
{
	"frame": {"x":1621,"y":621,"w":63,"h":70},
	"rotated": false,
	"trimmed": true,
	"spriteSourceSize": {"x":0,"y":0,"w":63,"h":70},
	"sourceSize": {"w":63,"h":70}
}
,"levels_b_4":
{
	"frame": {"x":1621,"y":621,"w":63,"h":70},
	"rotated": false,
	"trimmed": true,
	"spriteSourceSize": {"x":0,"y":0,"w":63,"h":70},
	"sourceSize": {"w":63,"h":70}
}
,"levels_b_14":
{
	"frame": {"x":1621,"y":621,"w":63,"h":70},
	"rotated": false,
	"trimmed": true,
	"spriteSourceSize": {"x":0,"y":0,"w":63,"h":70},
	"sourceSize": {"w":63,"h":70}
}
,"levels_b_0":
{
	"frame": {"x":1621,"y":621,"w":63,"h":70},
	"rotated": false,
	"trimmed": true,
	"spriteSourceSize": {"x":0,"y":0,"w":63,"h":70},
	"sourceSize": {"w":63,"h":70}
}
,"levels_b_13":
{
	"frame": {"x":1621,"y":621,"w":63,"h":70},
	"rotated": false,
	"trimmed": true,
	"spriteSourceSize": {"x":0,"y":0,"w":63,"h":70},
	"sourceSize": {"w":63,"h":70}
}
,"levels_b_1":
{
	"frame": {"x":1621,"y":621,"w":63,"h":70},
	"rotated": false,
	"trimmed": true,
	"spriteSourceSize": {"x":0,"y":0,"w":63,"h":70},
	"sourceSize": {"w":63,"h":70}
}
,"levels_b_11":
{
	"frame": {"x":1621,"y":621,"w":63,"h":70},
	"rotated": false,
	"trimmed": true,
	"spriteSourceSize": {"x":0,"y":0,"w":63,"h":70},
	"sourceSize": {"w":63,"h":70}
}
,"levels_b_12":
{
	"frame": {"x":1621,"y":621,"w":63,"h":70},
	"rotated": false,
	"trimmed": true,
	"spriteSourceSize": {"x":0,"y":0,"w":63,"h":70},
	"sourceSize": {"w":63,"h":70}
}
,"levels_b_10":
{
	"frame": {"x":1621,"y":621,"w":63,"h":70},
	"rotated": false,
	"trimmed": true,
	"spriteSourceSize": {"x":0,"y":0,"w":63,"h":70},
	"sourceSize": {"w":63,"h":70}
}
,"levels_b_17":
{
	"frame": {"x":1621,"y":621,"w":63,"h":70},
	"rotated": false,
	"trimmed": true,
	"spriteSourceSize": {"x":0,"y":0,"w":63,"h":70},
	"sourceSize": {"w":63,"h":70}
}
,"levels_b_20":
{
	"frame": {"x":1621,"y":621,"w":63,"h":70},
	"rotated": false,
	"trimmed": true,
	"spriteSourceSize": {"x":0,"y":0,"w":63,"h":70},
	"sourceSize": {"w":63,"h":70}
}
,"levels_b_22":
{
	"frame": {"x":1621,"y":621,"w":63,"h":70},
	"rotated": false,
	"trimmed": true,
	"spriteSourceSize": {"x":0,"y":0,"w":63,"h":70},
	"sourceSize": {"w":63,"h":70}
}
,"levels_b_23":
{
	"frame": {"x":1621,"y":621,"w":63,"h":70},
	"rotated": false,
	"trimmed": true,
	"spriteSourceSize": {"x":0,"y":0,"w":63,"h":70},
	"sourceSize": {"w":63,"h":70}
}
,"levels_b_2":
{
	"frame": {"x":1621,"y":621,"w":63,"h":70},
	"rotated": false,
	"trimmed": true,
	"spriteSourceSize": {"x":0,"y":0,"w":63,"h":70},
	"sourceSize": {"w":63,"h":70}
}
,"levels_b_21":
{
	"frame": {"x":1621,"y":621,"w":63,"h":70},
	"rotated": false,
	"trimmed": true,
	"spriteSourceSize": {"x":0,"y":0,"w":63,"h":70},
	"sourceSize": {"w":63,"h":70}
}
,"levels_b_3":
{
	"frame": {"x":1621,"y":621,"w":63,"h":70},
	"rotated": false,
	"trimmed": true,
	"spriteSourceSize": {"x":0,"y":0,"w":63,"h":70},
	"sourceSize": {"w":63,"h":70}
}
,"tree_tree_anim_2":
{
	"frame": {"x":1685,"y":621,"w":61,"h":70},
	"rotated": false,
	"trimmed": true,
	"spriteSourceSize": {"x":12,"y":18,"w":81,"h":94},
	"sourceSize": {"w":81,"h":94}
}
,"tree_tree_anim_39":
{
	"frame": {"x":1747,"y":621,"w":56,"h":70},
	"rotated": false,
	"trimmed": true,
	"spriteSourceSize": {"x":13,"y":18,"w":81,"h":94},
	"sourceSize": {"w":81,"h":94}
}
,"tree_tree_anim_34":
{
	"frame": {"x":1804,"y":624,"w":56,"h":70},
	"rotated": false,
	"trimmed": true,
	"spriteSourceSize": {"x":13,"y":18,"w":81,"h":94},
	"sourceSize": {"w":81,"h":94}
}
,"tree_tree_anim_38":
{
	"frame": {"x":1861,"y":624,"w":56,"h":70},
	"rotated": false,
	"trimmed": true,
	"spriteSourceSize": {"x":13,"y":18,"w":81,"h":94},
	"sourceSize": {"w":81,"h":94}
}
,"tree_tree_anim_37":
{
	"frame": {"x":1918,"y":624,"w":56,"h":70},
	"rotated": false,
	"trimmed": true,
	"spriteSourceSize": {"x":13,"y":18,"w":81,"h":94},
	"sourceSize": {"w":81,"h":94}
}
,"tree_tree_anim_35":
{
	"frame": {"x":1975,"y":624,"w":56,"h":70},
	"rotated": false,
	"trimmed": true,
	"spriteSourceSize": {"x":13,"y":18,"w":81,"h":94},
	"sourceSize": {"w":81,"h":94}
}
,"tree_tree_anim_36":
{
	"frame": {"x":238,"y":628,"w":56,"h":70},
	"rotated": false,
	"trimmed": true,
	"spriteSourceSize": {"x":13,"y":18,"w":81,"h":94},
	"sourceSize": {"w":81,"h":94}
}
,"levels_md_11":
{
	"frame": {"x":295,"y":638,"w":71,"h":68},
	"rotated": false,
	"trimmed": true,
	"spriteSourceSize": {"x":0,"y":0,"w":71,"h":68},
	"sourceSize": {"w":71,"h":68}
}
,"levels_btn_use":
{
	"frame": {"x":367,"y":638,"w":58,"h":66},
	"rotated": false,
	"trimmed": true,
	"spriteSourceSize": {"x":0,"y":0,"w":58,"h":66},
	"sourceSize": {"w":58,"h":66}
}
,"game_back_zv":
{
	"frame": {"x":426,"y":638,"w":240,"h":65},
	"rotated": false,
	"trimmed": true,
	"spriteSourceSize": {"x":0,"y":0,"w":240,"h":65},
	"sourceSize": {"w":240,"h":65}
}
,"levels_md_1":
{
	"frame": {"x":1955,"y":94,"w":83,"h":65},
	"rotated": false,
	"trimmed": true,
	"spriteSourceSize": {"x":0,"y":0,"w":83,"h":65},
	"sourceSize": {"w":83,"h":65}
}
,"levels_skull":
{
	"frame": {"x":667,"y":640,"w":59,"h":65},
	"rotated": false,
	"trimmed": true,
	"spriteSourceSize": {"x":0,"y":0,"w":59,"h":65},
	"sourceSize": {"w":59,"h":65}
}
,"levels_lock_gift":
{
	"frame": {"x":727,"y":640,"w":115,"h":64},
	"rotated": false,
	"trimmed": true,
	"spriteSourceSize": {"x":0,"y":0,"w":115,"h":64},
	"sourceSize": {"w":115,"h":64}
}
,"levels_btn_lev":
{
	"frame": {"x":843,"y":645,"w":74,"h":64},
	"rotated": false,
	"trimmed": true,
	"spriteSourceSize": {"x":0,"y":0,"w":74,"h":64},
	"sourceSize": {"w":74,"h":64}
}
,"levels_using":
{
	"frame": {"x":918,"y":645,"w":78,"h":63},
	"rotated": false,
	"trimmed": true,
	"spriteSourceSize": {"x":0,"y":0,"w":78,"h":63},
	"sourceSize": {"w":78,"h":63}
}
,"levels_md_15":
{
	"frame": {"x":159,"y":679,"w":66,"h":61},
	"rotated": false,
	"trimmed": true,
	"spriteSourceSize": {"x":0,"y":0,"w":66,"h":61},
	"sourceSize": {"w":66,"h":61}
}
,"levels_dn_0":
{
	"frame": {"x":1849,"y":462,"w":48,"h":61},
	"rotated": false,
	"trimmed": true,
	"spriteSourceSize": {"x":0,"y":0,"w":48,"h":61},
	"sourceSize": {"w":48,"h":61}
}
,"levels_up_gui":
{
	"frame": {"x":1418,"y":693,"w":300,"h":58},
	"rotated": false,
	"trimmed": true,
	"spriteSourceSize": {"x":0,"y":0,"w":300,"h":58},
	"sourceSize": {"w":300,"h":58}
}
,"levels_pic_tacke":
{
	"frame": {"x":29,"y":681,"w":129,"h":58},
	"rotated": false,
	"trimmed": true,
	"spriteSourceSize": {"x":0,"y":0,"w":129,"h":58},
	"sourceSize": {"w":129,"h":58}
}
,"levels_md_14":
{
	"frame": {"x":997,"y":680,"w":61,"h":56},
	"rotated": false,
	"trimmed": true,
	"spriteSourceSize": {"x":0,"y":0,"w":61,"h":56},
	"sourceSize": {"w":61,"h":56}
}
,"levels_dn_1":
{
	"frame": {"x":264,"y":381,"w":41,"h":56},
	"rotated": false,
	"trimmed": true,
	"spriteSourceSize": {"x":0,"y":0,"w":41,"h":56},
	"sourceSize": {"w":41,"h":56}
}
,"msg_back_zv":
{
	"frame": {"x":1059,"y":694,"w":203,"h":54},
	"rotated": false,
	"trimmed": true,
	"spriteSourceSize": {"x":0,"y":0,"w":203,"h":54},
	"sourceSize": {"w":203,"h":54}
}
,"msg_z2":
{
	"frame": {"x":1263,"y":694,"w":57,"h":54},
	"rotated": false,
	"trimmed": true,
	"spriteSourceSize": {"x":0,"y":0,"w":57,"h":54},
	"sourceSize": {"w":57,"h":54}
}
,"msg_z0":
{
	"frame": {"x":1321,"y":694,"w":57,"h":54},
	"rotated": false,
	"trimmed": true,
	"spriteSourceSize": {"x":0,"y":0,"w":57,"h":54},
	"sourceSize": {"w":57,"h":54}
}
,"msg_z1":
{
	"frame": {"x":1719,"y":692,"w":57,"h":54},
	"rotated": false,
	"trimmed": true,
	"spriteSourceSize": {"x":0,"y":0,"w":57,"h":54},
	"sourceSize": {"w":57,"h":54}
}
,"levels_dn_10":
{
	"frame": {"x":1777,"y":695,"w":59,"h":53},
	"rotated": false,
	"trimmed": true,
	"spriteSourceSize": {"x":0,"y":0,"w":59,"h":53},
	"sourceSize": {"w":59,"h":53}
}
,"levels_md_9":
{
	"frame": {"x":1837,"y":695,"w":56,"h":53},
	"rotated": false,
	"trimmed": true,
	"spriteSourceSize": {"x":0,"y":0,"w":56,"h":53},
	"sourceSize": {"w":56,"h":53}
}
,"levels_tp_15":
{
	"frame": {"x":1894,"y":695,"w":50,"h":53},
	"rotated": false,
	"trimmed": true,
	"spriteSourceSize": {"x":0,"y":0,"w":50,"h":53},
	"sourceSize": {"w":50,"h":53}
}
,"levels_pic_lot":
{
	"frame": {"x":1945,"y":695,"w":48,"h":53},
	"rotated": false,
	"trimmed": true,
	"spriteSourceSize": {"x":0,"y":0,"w":48,"h":53},
	"sourceSize": {"w":48,"h":53}
}
,"main_btn_google":
{
	"frame": {"x":226,"y":707,"w":148,"h":52},
	"rotated": false,
	"trimmed": true,
	"spriteSourceSize": {"x":0,"y":0,"w":148,"h":52},
	"sourceSize": {"w":148,"h":52}
}
,"main_btn_app":
{
	"frame": {"x":375,"y":705,"w":147,"h":51},
	"rotated": false,
	"trimmed": true,
	"spriteSourceSize": {"x":0,"y":0,"w":147,"h":51},
	"sourceSize": {"w":147,"h":51}
}
,"levels_dn_2":
{
	"frame": {"x":523,"y":704,"w":54,"h":50},
	"rotated": false,
	"trimmed": true,
	"spriteSourceSize": {"x":0,"y":0,"w":54,"h":50},
	"sourceSize": {"w":54,"h":50}
}
,"levels_dn_13":
{
	"frame": {"x":578,"y":704,"w":84,"h":49},
	"rotated": false,
	"trimmed": true,
	"spriteSourceSize": {"x":0,"y":0,"w":84,"h":49},
	"sourceSize": {"w":84,"h":49}
}
,"main_cloud_1":
{
	"frame": {"x":663,"y":706,"w":64,"h":49},
	"rotated": false,
	"trimmed": true,
	"spriteSourceSize": {"x":0,"y":0,"w":64,"h":49},
	"sourceSize": {"w":64,"h":49}
}
,"levels_big":
{
	"frame": {"x":1994,"y":695,"w":50,"h":49},
	"rotated": false,
	"trimmed": true,
	"spriteSourceSize": {"x":0,"y":0,"w":50,"h":49},
	"sourceSize": {"w":50,"h":49}
}
,"levels_dn_9":
{
	"frame": {"x":991,"y":335,"w":46,"h":48},
	"rotated": false,
	"trimmed": true,
	"spriteSourceSize": {"x":0,"y":0,"w":46,"h":48},
	"sourceSize": {"w":46,"h":48}
}
,"levels_tp_8":
{
	"frame": {"x":728,"y":705,"w":61,"h":45},
	"rotated": false,
	"trimmed": true,
	"spriteSourceSize": {"x":0,"y":0,"w":61,"h":45},
	"sourceSize": {"w":61,"h":45}
}
,"levels_md_2":
{
	"frame": {"x":790,"y":710,"w":82,"h":44},
	"rotated": false,
	"trimmed": true,
	"spriteSourceSize": {"x":0,"y":0,"w":82,"h":44},
	"sourceSize": {"w":82,"h":44}
}
,"levels_pic_gift":
{
	"frame": {"x":873,"y":710,"w":66,"h":44},
	"rotated": false,
	"trimmed": true,
	"spriteSourceSize": {"x":0,"y":0,"w":66,"h":44},
	"sourceSize": {"w":66,"h":44}
}
,"main_cloud_0":
{
	"frame": {"x":997,"y":737,"w":59,"h":44},
	"rotated": false,
	"trimmed": true,
	"spriteSourceSize": {"x":0,"y":0,"w":59,"h":44},
	"sourceSize": {"w":59,"h":44}
}
,"game_up_gui":
{
	"frame": {"x":0,"y":741,"w":194,"h":43},
	"rotated": false,
	"trimmed": true,
	"spriteSourceSize": {"x":0,"y":0,"w":194,"h":43},
	"sourceSize": {"w":194,"h":43}
}
,"levels_tp_7":
{
	"frame": {"x":1057,"y":749,"w":63,"h":43},
	"rotated": false,
	"trimmed": true,
	"spriteSourceSize": {"x":0,"y":0,"w":63,"h":43},
	"sourceSize": {"w":63,"h":43}
}
,"levels_btn_shop_2":
{
	"frame": {"x":1038,"y":335,"w":45,"h":43},
	"rotated": false,
	"trimmed": true,
	"spriteSourceSize": {"x":0,"y":0,"w":45,"h":43},
	"sourceSize": {"w":45,"h":43}
}
,"game_btn_up":
{
	"frame": {"x":940,"y":709,"w":41,"h":43},
	"rotated": false,
	"trimmed": true,
	"spriteSourceSize": {"x":0,"y":0,"w":41,"h":43},
	"sourceSize": {"w":41,"h":43}
}
,"game_btn_lu":
{
	"frame": {"x":2006,"y":745,"w":41,"h":43},
	"rotated": false,
	"trimmed": true,
	"spriteSourceSize": {"x":0,"y":0,"w":41,"h":43},
	"sourceSize": {"w":41,"h":43}
}
,"game_btn_down":
{
	"frame": {"x":940,"y":709,"w":41,"h":43},
	"rotated": false,
	"trimmed": true,
	"spriteSourceSize": {"x":0,"y":0,"w":41,"h":43},
	"sourceSize": {"w":41,"h":43}
}
,"game_btn_rd":
{
	"frame": {"x":2006,"y":745,"w":41,"h":43},
	"rotated": false,
	"trimmed": true,
	"spriteSourceSize": {"x":0,"y":0,"w":41,"h":43},
	"sourceSize": {"w":41,"h":43}
}
,"game_btn_ld":
{
	"frame": {"x":2006,"y":745,"w":41,"h":43},
	"rotated": false,
	"trimmed": true,
	"spriteSourceSize": {"x":0,"y":0,"w":41,"h":43},
	"sourceSize": {"w":41,"h":43}
}
,"game_btn_ru":
{
	"frame": {"x":2006,"y":745,"w":41,"h":43},
	"rotated": false,
	"trimmed": true,
	"spriteSourceSize": {"x":0,"y":0,"w":41,"h":43},
	"sourceSize": {"w":41,"h":43}
}
,"levels_btn_shop_0":
{
	"frame": {"x":1121,"y":752,"w":61,"h":41},
	"rotated": false,
	"trimmed": true,
	"spriteSourceSize": {"x":0,"y":0,"w":61,"h":41},
	"sourceSize": {"w":61,"h":41}
}
,"levels_md_3":
{
	"frame": {"x":1183,"y":752,"w":51,"h":41},
	"rotated": false,
	"trimmed": true,
	"spriteSourceSize": {"x":0,"y":0,"w":51,"h":41},
	"sourceSize": {"w":51,"h":41}
}
,"levels_coin":
{
	"frame": {"x":1235,"y":752,"w":66,"h":39},
	"rotated": false,
	"trimmed": true,
	"spriteSourceSize": {"x":0,"y":0,"w":66,"h":39},
	"sourceSize": {"w":66,"h":39}
}
,"levels_pic_coin":
{
	"frame": {"x":1235,"y":752,"w":66,"h":39},
	"rotated": false,
	"trimmed": true,
	"spriteSourceSize": {"x":0,"y":0,"w":66,"h":39},
	"sourceSize": {"w":66,"h":39}
}
,"levels_md_7":
{
	"frame": {"x":1302,"y":752,"w":59,"h":39},
	"rotated": false,
	"trimmed": true,
	"spriteSourceSize": {"x":0,"y":0,"w":59,"h":39},
	"sourceSize": {"w":59,"h":39}
}
,"levels_bag":
{
	"frame": {"x":1379,"y":734,"w":33,"h":39},
	"rotated": false,
	"trimmed": true,
	"spriteSourceSize": {"x":0,"y":0,"w":33,"h":39},
	"sourceSize": {"w":33,"h":39}
}
,"game_sled":
{
	"frame": {"x":1379,"y":694,"w":33,"h":39},
	"rotated": false,
	"trimmed": true,
	"spriteSourceSize": {"x":0,"y":0,"w":33,"h":39},
	"sourceSize": {"w":33,"h":39}
}
,"game_bag":
{
	"frame": {"x":1379,"y":734,"w":33,"h":39},
	"rotated": false,
	"trimmed": true,
	"spriteSourceSize": {"x":0,"y":0,"w":33,"h":39},
	"sourceSize": {"w":33,"h":39}
}
,"levels_md_6":
{
	"frame": {"x":1413,"y":752,"w":64,"h":38},
	"rotated": false,
	"trimmed": true,
	"spriteSourceSize": {"x":0,"y":0,"w":64,"h":38},
	"sourceSize": {"w":64,"h":38}
}
,"levels_hand":
{
	"frame": {"x":1478,"y":752,"w":62,"h":38},
	"rotated": false,
	"trimmed": true,
	"spriteSourceSize": {"x":0,"y":0,"w":62,"h":38},
	"sourceSize": {"w":62,"h":38}
}
,"levels_md_10":
{
	"frame": {"x":1541,"y":752,"w":54,"h":38},
	"rotated": false,
	"trimmed": true,
	"spriteSourceSize": {"x":0,"y":0,"w":54,"h":38},
	"sourceSize": {"w":54,"h":38}
}
,"levels_dn_4":
{
	"frame": {"x":1596,"y":752,"w":41,"h":38},
	"rotated": false,
	"trimmed": true,
	"spriteSourceSize": {"x":0,"y":0,"w":41,"h":38},
	"sourceSize": {"w":41,"h":38}
}
,"levels_btn_add_coin":
{
	"frame": {"x":1638,"y":752,"w":40,"h":38},
	"rotated": false,
	"trimmed": true,
	"spriteSourceSize": {"x":0,"y":0,"w":40,"h":38},
	"sourceSize": {"w":40,"h":38}
}
,"levels_dn_5":
{
	"frame": {"x":1679,"y":752,"w":37,"h":38},
	"rotated": false,
	"trimmed": true,
	"spriteSourceSize": {"x":0,"y":0,"w":37,"h":38},
	"sourceSize": {"w":37,"h":38}
}
,"levels_md_12":
{
	"frame": {"x":1717,"y":752,"w":53,"h":36},
	"rotated": false,
	"trimmed": true,
	"spriteSourceSize": {"x":0,"y":0,"w":53,"h":36},
	"sourceSize": {"w":53,"h":36}
}
,"levels_md_0":
{
	"frame": {"x":1060,"y":491,"w":35,"h":36},
	"rotated": false,
	"trimmed": true,
	"spriteSourceSize": {"x":0,"y":0,"w":35,"h":36},
	"sourceSize": {"w":35,"h":36}
}
,"levels_res_tp_14":
{
	"frame": {"x":1771,"y":749,"w":33,"h":36},
	"rotated": false,
	"trimmed": true,
	"spriteSourceSize": {"x":0,"y":0,"w":33,"h":36},
	"sourceSize": {"w":33,"h":36}
}
,"game_res_tp_14":
{
	"frame": {"x":1771,"y":749,"w":33,"h":36},
	"rotated": false,
	"trimmed": true,
	"spriteSourceSize": {"x":0,"y":0,"w":33,"h":36},
	"sourceSize": {"w":33,"h":36}
}
,"levels_dn_15":
{
	"frame": {"x":1805,"y":749,"w":31,"h":36},
	"rotated": false,
	"trimmed": true,
	"spriteSourceSize": {"x":0,"y":0,"w":31,"h":36},
	"sourceSize": {"w":31,"h":36}
}
,"levels_dress":
{
	"frame": {"x":963,"y":198,"w":25,"h":36},
	"rotated": false,
	"trimmed": true,
	"spriteSourceSize": {"x":0,"y":0,"w":25,"h":36},
	"sourceSize": {"w":25,"h":36}
}
,"levels_c_16":
{
	"frame": {"x":1,"y":681,"w":27,"h":35},
	"rotated": false,
	"trimmed": true,
	"spriteSourceSize": {"x":0,"y":0,"w":27,"h":35},
	"sourceSize": {"w":27,"h":35}
}
,"levels_c_06":
{
	"frame": {"x":997,"y":645,"w":28,"h":34},
	"rotated": false,
	"trimmed": true,
	"spriteSourceSize": {"x":0,"y":0,"w":28,"h":34},
	"sourceSize": {"w":28,"h":34}
}
,"levels_c_12":
{
	"frame": {"x":72,"y":404,"w":24,"h":34},
	"rotated": false,
	"trimmed": true,
	"spriteSourceSize": {"x":0,"y":0,"w":24,"h":34},
	"sourceSize": {"w":24,"h":34}
}
,"levels_c_05":
{
	"frame": {"x":195,"y":741,"w":23,"h":34},
	"rotated": false,
	"trimmed": true,
	"spriteSourceSize": {"x":0,"y":0,"w":23,"h":34},
	"sourceSize": {"w":23,"h":34}
}
,"levels_dn_12":
{
	"frame": {"x":15,"y":575,"w":41,"h":33},
	"rotated": false,
	"trimmed": true,
	"spriteSourceSize": {"x":0,"y":0,"w":41,"h":33},
	"sourceSize": {"w":41,"h":33}
}
,"levels_c_13":
{
	"frame": {"x":1837,"y":749,"w":24,"h":33},
	"rotated": false,
	"trimmed": true,
	"spriteSourceSize": {"x":0,"y":0,"w":25,"h":33},
	"sourceSize": {"w":25,"h":33}
}
,"levels_c_02":
{
	"frame": {"x":1862,"y":749,"w":24,"h":33},
	"rotated": false,
	"trimmed": true,
	"spriteSourceSize": {"x":0,"y":0,"w":24,"h":33},
	"sourceSize": {"w":24,"h":33}
}
,"levels_c_03":
{
	"frame": {"x":1887,"y":749,"w":24,"h":33},
	"rotated": false,
	"trimmed": true,
	"spriteSourceSize": {"x":0,"y":0,"w":24,"h":33},
	"sourceSize": {"w":24,"h":33}
}
,"levels_c_15":
{
	"frame": {"x":1912,"y":749,"w":22,"h":33},
	"rotated": false,
	"trimmed": true,
	"spriteSourceSize": {"x":0,"y":0,"w":22,"h":34},
	"sourceSize": {"w":22,"h":34}
}
,"levels_c_19":
{
	"frame": {"x":1724,"y":165,"w":24,"h":32},
	"rotated": false,
	"trimmed": true,
	"spriteSourceSize": {"x":0,"y":0,"w":24,"h":32},
	"sourceSize": {"w":24,"h":32}
}
,"levels_c_18":
{
	"frame": {"x":1699,"y":165,"w":24,"h":32},
	"rotated": false,
	"trimmed": true,
	"spriteSourceSize": {"x":0,"y":0,"w":25,"h":32},
	"sourceSize": {"w":25,"h":32}
}
,"levels_md_13":
{
	"frame": {"x":1645,"y":165,"w":53,"h":31},
	"rotated": false,
	"trimmed": true,
	"spriteSourceSize": {"x":0,"y":0,"w":53,"h":31},
	"sourceSize": {"w":53,"h":31}
}
,"levels_c_08":
{
	"frame": {"x":1935,"y":749,"w":26,"h":31},
	"rotated": false,
	"trimmed": true,
	"spriteSourceSize": {"x":0,"y":0,"w":26,"h":31},
	"sourceSize": {"w":26,"h":31}
}
,"levels_c_00":
{
	"frame": {"x":1962,"y":749,"w":25,"h":31},
	"rotated": false,
	"trimmed": true,
	"spriteSourceSize": {"x":0,"y":0,"w":25,"h":31},
	"sourceSize": {"w":25,"h":31}
}
,"levels_c_10":
{
	"frame": {"x":972,"y":753,"w":24,"h":31},
	"rotated": false,
	"trimmed": true,
	"spriteSourceSize": {"x":0,"y":0,"w":24,"h":32},
	"sourceSize": {"w":24,"h":32}
}
,"levels_c_09":
{
	"frame": {"x":947,"y":753,"w":24,"h":31},
	"rotated": false,
	"trimmed": true,
	"spriteSourceSize": {"x":0,"y":0,"w":24,"h":31},
	"sourceSize": {"w":24,"h":31}
}
,"levels_c_17":
{
	"frame": {"x":286,"y":438,"w":21,"h":31},
	"rotated": false,
	"trimmed": true,
	"spriteSourceSize": {"x":0,"y":0,"w":21,"h":31},
	"sourceSize": {"w":21,"h":31}
}
,"levels_dn_11":
{
	"frame": {"x":895,"y":755,"w":51,"h":30},
	"rotated": false,
	"trimmed": true,
	"spriteSourceSize": {"x":0,"y":0,"w":51,"h":30},
	"sourceSize": {"w":51,"h":30}
}
,"levels_res_tp_6":
{
	"frame": {"x":861,"y":755,"w":33,"h":30},
	"rotated": false,
	"trimmed": true,
	"spriteSourceSize": {"x":0,"y":0,"w":33,"h":30},
	"sourceSize": {"w":33,"h":30}
}
,"game_res_tp_6":
{
	"frame": {"x":861,"y":755,"w":33,"h":30},
	"rotated": false,
	"trimmed": true,
	"spriteSourceSize": {"x":0,"y":0,"w":33,"h":30},
	"sourceSize": {"w":33,"h":30}
}
,"levels_dn_6":
{
	"frame": {"x":829,"y":755,"w":31,"h":30},
	"rotated": false,
	"trimmed": true,
	"spriteSourceSize": {"x":0,"y":0,"w":31,"h":30},
	"sourceSize": {"w":31,"h":30}
}
,"levels_c_07":
{
	"frame": {"x":806,"y":755,"w":22,"h":30},
	"rotated": false,
	"trimmed": true,
	"spriteSourceSize": {"x":0,"y":0,"w":22,"h":30},
	"sourceSize": {"w":22,"h":30}
}
,"msg_coin":
{
	"frame": {"x":756,"y":755,"w":49,"h":29},
	"rotated": false,
	"trimmed": true,
	"spriteSourceSize": {"x":0,"y":0,"w":49,"h":29},
	"sourceSize": {"w":49,"h":29}
}
,"levels_c_04":
{
	"frame": {"x":730,"y":751,"w":25,"h":29},
	"rotated": false,
	"trimmed": true,
	"spriteSourceSize": {"x":0,"y":0,"w":25,"h":29},
	"sourceSize": {"w":25,"h":29}
}
,"levels_c_14":
{
	"frame": {"x":705,"y":756,"w":24,"h":29},
	"rotated": false,
	"trimmed": true,
	"spriteSourceSize": {"x":0,"y":0,"w":24,"h":29},
	"sourceSize": {"w":24,"h":29}
}
,"levels_c_11":
{
	"frame": {"x":2,"y":315,"w":16,"h":29},
	"rotated": false,
	"trimmed": true,
	"spriteSourceSize": {"x":0,"y":0,"w":17,"h":30},
	"sourceSize": {"w":17,"h":30}
}
,"levels_back_zv":
{
	"frame": {"x":645,"y":756,"w":59,"h":28},
	"rotated": false,
	"trimmed": true,
	"spriteSourceSize": {"x":0,"y":0,"w":59,"h":28},
	"sourceSize": {"w":59,"h":28}
}
,"game_btn_add_coin":
{
	"frame": {"x":614,"y":754,"w":30,"h":28},
	"rotated": false,
	"trimmed": true,
	"spriteSourceSize": {"x":0,"y":0,"w":30,"h":28},
	"sourceSize": {"w":30,"h":28}
}
,"levels_small":
{
	"frame": {"x":585,"y":754,"w":28,"h":28},
	"rotated": false,
	"trimmed": true,
	"spriteSourceSize": {"x":0,"y":0,"w":28,"h":28},
	"sourceSize": {"w":28,"h":28}
}
,"levels_c_01":
{
	"frame": {"x":3,"y":345,"w":15,"h":28},
	"rotated": false,
	"trimmed": true,
	"spriteSourceSize": {"x":0,"y":0,"w":16,"h":29},
	"sourceSize": {"w":16,"h":29}
}
,"levels_dn_8":
{
	"frame": {"x":561,"y":755,"w":23,"h":27},
	"rotated": false,
	"trimmed": true,
	"spriteSourceSize": {"x":0,"y":0,"w":23,"h":27},
	"sourceSize": {"w":23,"h":27}
}
,"game_time_pr":
{
	"frame": {"x":356,"y":760,"w":204,"h":25},
	"rotated": false,
	"trimmed": true,
	"spriteSourceSize": {"x":0,"y":0,"w":204,"h":25},
	"sourceSize": {"w":204,"h":25}
}
,"levels_res_tp_1":
{
	"frame": {"x":322,"y":760,"w":33,"h":25},
	"rotated": false,
	"trimmed": true,
	"spriteSourceSize": {"x":0,"y":0,"w":33,"h":25},
	"sourceSize": {"w":33,"h":25}
}
,"game_res_tp_1":
{
	"frame": {"x":322,"y":760,"w":33,"h":25},
	"rotated": false,
	"trimmed": true,
	"spriteSourceSize": {"x":0,"y":0,"w":33,"h":25},
	"sourceSize": {"w":33,"h":25}
}
,"game_res_tp_10":
{
	"frame": {"x":288,"y":760,"w":33,"h":24},
	"rotated": false,
	"trimmed": true,
	"spriteSourceSize": {"x":0,"y":0,"w":33,"h":24},
	"sourceSize": {"w":33,"h":24}
}
,"levels_res_tp_4":
{
	"frame": {"x":254,"y":760,"w":33,"h":24},
	"rotated": false,
	"trimmed": true,
	"spriteSourceSize": {"x":0,"y":0,"w":33,"h":24},
	"sourceSize": {"w":33,"h":24}
}
,"levels_res_tp_5":
{
	"frame": {"x":220,"y":760,"w":33,"h":24},
	"rotated": false,
	"trimmed": true,
	"spriteSourceSize": {"x":0,"y":0,"w":33,"h":24},
	"sourceSize": {"w":33,"h":24}
}
,"game_res_tp_4":
{
	"frame": {"x":254,"y":760,"w":33,"h":24},
	"rotated": false,
	"trimmed": true,
	"spriteSourceSize": {"x":0,"y":0,"w":33,"h":24},
	"sourceSize": {"w":33,"h":24}
}
,"game_res_tp_5":
{
	"frame": {"x":220,"y":760,"w":33,"h":24},
	"rotated": false,
	"trimmed": true,
	"spriteSourceSize": {"x":0,"y":0,"w":33,"h":24},
	"sourceSize": {"w":33,"h":24}
}
,"levels_res_tp_13":
{
	"frame": {"x":1935,"y":781,"w":33,"h":24},
	"rotated": false,
	"trimmed": true,
	"spriteSourceSize": {"x":0,"y":0,"w":33,"h":24},
	"sourceSize": {"w":33,"h":24}
}
,"game_res_tp_0":
{
	"frame": {"x":1379,"y":774,"w":33,"h":24},
	"rotated": false,
	"trimmed": true,
	"spriteSourceSize": {"x":0,"y":0,"w":33,"h":24},
	"sourceSize": {"w":33,"h":24}
}
,"game_res_tp_13":
{
	"frame": {"x":1935,"y":781,"w":33,"h":24},
	"rotated": false,
	"trimmed": true,
	"spriteSourceSize": {"x":0,"y":0,"w":33,"h":24},
	"sourceSize": {"w":33,"h":24}
}
,"levels_res_tp_0":
{
	"frame": {"x":1379,"y":774,"w":33,"h":24},
	"rotated": false,
	"trimmed": true,
	"spriteSourceSize": {"x":0,"y":0,"w":33,"h":24},
	"sourceSize": {"w":33,"h":24}
}
,"game_res_tp_11":
{
	"frame": {"x":1969,"y":781,"w":33,"h":24},
	"rotated": false,
	"trimmed": true,
	"spriteSourceSize": {"x":0,"y":0,"w":33,"h":24},
	"sourceSize": {"w":33,"h":24}
}
,"levels_res_tp_10":
{
	"frame": {"x":288,"y":760,"w":33,"h":24},
	"rotated": false,
	"trimmed": true,
	"spriteSourceSize": {"x":0,"y":0,"w":33,"h":24},
	"sourceSize": {"w":33,"h":24}
}
,"levels_res_tp_11":
{
	"frame": {"x":1969,"y":781,"w":33,"h":24},
	"rotated": false,
	"trimmed": true,
	"spriteSourceSize": {"x":0,"y":0,"w":33,"h":24},
	"sourceSize": {"w":33,"h":24}
}
,"levels_btn_shop_1":
{
	"frame": {"x":1871,"y":783,"w":63,"h":23},
	"rotated": false,
	"trimmed": true,
	"spriteSourceSize": {"x":0,"y":0,"w":63,"h":23},
	"sourceSize": {"w":63,"h":23}
}
,"game_down":
{
	"frame": {"x":2039,"y":94,"w":6,"h":23},
	"rotated": false,
	"trimmed": true,
	"spriteSourceSize": {"x":0,"y":0,"w":6,"h":23},
	"sourceSize": {"w":6,"h":23}
}
,"game_up":
{
	"frame": {"x":2039,"y":118,"w":6,"h":23},
	"rotated": false,
	"trimmed": true,
	"spriteSourceSize": {"x":0,"y":0,"w":6,"h":23},
	"sourceSize": {"w":6,"h":23}
}
,"game_z2":
{
	"frame": {"x":253,"y":526,"w":23,"h":22},
	"rotated": false,
	"trimmed": true,
	"spriteSourceSize": {"x":0,"y":0,"w":23,"h":22},
	"sourceSize": {"w":23,"h":22}
}
,"game_z0":
{
	"frame": {"x":5,"y":717,"w":23,"h":22},
	"rotated": false,
	"trimmed": true,
	"spriteSourceSize": {"x":0,"y":0,"w":23,"h":22},
	"sourceSize": {"w":23,"h":22}
}
,"game_z1":
{
	"frame": {"x":195,"y":776,"w":23,"h":22},
	"rotated": false,
	"trimmed": true,
	"spriteSourceSize": {"x":0,"y":0,"w":23,"h":22},
	"sourceSize": {"w":23,"h":22}
}
,"levels_z_0":
{
	"frame": {"x":1850,"y":783,"w":20,"h":22},
	"rotated": false,
	"trimmed": true,
	"spriteSourceSize": {"x":0,"y":0,"w":20,"h":22},
	"sourceSize": {"w":20,"h":22}
}
,"levels_z_2":
{
	"frame": {"x":175,"y":785,"w":19,"h":22},
	"rotated": false,
	"trimmed": true,
	"spriteSourceSize": {"x":0,"y":0,"w":19,"h":22},
	"sourceSize": {"w":19,"h":22}
}
,"levels_loc":
{
	"frame": {"x":1749,"y":316,"w":43,"h":21},
	"rotated": false,
	"trimmed": true,
	"spriteSourceSize": {"x":0,"y":0,"w":43,"h":21},
	"sourceSize": {"w":43,"h":21}
}
,"levels_res_tp_12":
{
	"frame": {"x":1827,"y":316,"w":33,"h":21},
	"rotated": false,
	"trimmed": true,
	"spriteSourceSize": {"x":0,"y":0,"w":33,"h":21},
	"sourceSize": {"w":33,"h":21}
}
,"game_res_tp_2":
{
	"frame": {"x":1793,"y":316,"w":33,"h":21},
	"rotated": false,
	"trimmed": true,
	"spriteSourceSize": {"x":0,"y":0,"w":33,"h":21},
	"sourceSize": {"w":33,"h":21}
}
,"levels_res_tp_2":
{
	"frame": {"x":1793,"y":316,"w":33,"h":21},
	"rotated": false,
	"trimmed": true,
	"spriteSourceSize": {"x":0,"y":0,"w":33,"h":21},
	"sourceSize": {"w":33,"h":21}
}
,"game_res_tp_12":
{
	"frame": {"x":1827,"y":316,"w":33,"h":21},
	"rotated": false,
	"trimmed": true,
	"spriteSourceSize": {"x":0,"y":0,"w":33,"h":21},
	"sourceSize": {"w":33,"h":21}
}
,"levels_res_tp_3":
{
	"frame": {"x":1849,"y":524,"w":33,"h":19},
	"rotated": false,
	"trimmed": true,
	"spriteSourceSize": {"x":0,"y":0,"w":33,"h":19},
	"sourceSize": {"w":33,"h":19}
}
,"game_res_tp_3":
{
	"frame": {"x":1849,"y":524,"w":33,"h":19},
	"rotated": false,
	"trimmed": true,
	"spriteSourceSize": {"x":0,"y":0,"w":33,"h":19},
	"sourceSize": {"w":33,"h":19}
}
,"levels_dn_14":
{
	"frame": {"x":1883,"y":525,"w":34,"h":18},
	"rotated": false,
	"trimmed": true,
	"spriteSourceSize": {"x":0,"y":0,"w":34,"h":18},
	"sourceSize": {"w":34,"h":18}
}
,"levels_res_md_5":
{
	"frame": {"x":963,"y":235,"w":24,"h":18},
	"rotated": false,
	"trimmed": true,
	"spriteSourceSize": {"x":0,"y":0,"w":24,"h":18},
	"sourceSize": {"w":24,"h":18}
}
,"game_res_md_5":
{
	"frame": {"x":963,"y":235,"w":24,"h":18},
	"rotated": false,
	"trimmed": true,
	"spriteSourceSize": {"x":0,"y":0,"w":24,"h":18},
	"sourceSize": {"w":24,"h":18}
}
,"levels_z_1":
{
	"frame": {"x":1918,"y":525,"w":20,"h":18},
	"rotated": false,
	"trimmed": true,
	"spriteSourceSize": {"x":0,"y":0,"w":20,"h":18},
	"sourceSize": {"w":20,"h":18}
}
,"levels_res_md_8":
{
	"frame": {"x":1464,"y":180,"w":17,"h":17},
	"rotated": false,
	"trimmed": true,
	"spriteSourceSize": {"x":0,"y":0,"w":17,"h":17},
	"sourceSize": {"w":17,"h":17}
}
,"game_res_md_8":
{
	"frame": {"x":1464,"y":180,"w":17,"h":17},
	"rotated": false,
	"trimmed": true,
	"spriteSourceSize": {"x":0,"y":0,"w":17,"h":17},
	"sourceSize": {"w":17,"h":17}
}
,"game_res_md_4":
{
	"frame": {"x":1482,"y":180,"w":23,"h":16},
	"rotated": false,
	"trimmed": true,
	"spriteSourceSize": {"x":0,"y":0,"w":23,"h":16},
	"sourceSize": {"w":23,"h":16}
}
,"levels_res_md_4":
{
	"frame": {"x":1482,"y":180,"w":23,"h":16},
	"rotated": false,
	"trimmed": true,
	"spriteSourceSize": {"x":0,"y":0,"w":23,"h":16},
	"sourceSize": {"w":23,"h":16}
}
,"levels_res_tp_9":
{
	"frame": {"x":1506,"y":180,"w":33,"h":15},
	"rotated": false,
	"trimmed": true,
	"spriteSourceSize": {"x":0,"y":0,"w":33,"h":15},
	"sourceSize": {"w":33,"h":15}
}
,"game_res_tp_9":
{
	"frame": {"x":1506,"y":180,"w":33,"h":15},
	"rotated": false,
	"trimmed": true,
	"spriteSourceSize": {"x":0,"y":0,"w":33,"h":15},
	"sourceSize": {"w":33,"h":15}
}
,"game_rd":
{
	"frame": {"x":1540,"y":180,"w":21,"h":14},
	"rotated": false,
	"trimmed": true,
	"spriteSourceSize": {"x":0,"y":0,"w":21,"h":14},
	"sourceSize": {"w":21,"h":14}
}
,"game_ld":
{
	"frame": {"x":1562,"y":180,"w":21,"h":14},
	"rotated": false,
	"trimmed": true,
	"spriteSourceSize": {"x":0,"y":0,"w":21,"h":14},
	"sourceSize": {"w":21,"h":14}
}
,"game_lu":
{
	"frame": {"x":1584,"y":180,"w":21,"h":14},
	"rotated": false,
	"trimmed": true,
	"spriteSourceSize": {"x":0,"y":0,"w":21,"h":14},
	"sourceSize": {"w":21,"h":14}
}
,"game_ru":
{
	"frame": {"x":1606,"y":180,"w":21,"h":14},
	"rotated": false,
	"trimmed": true,
	"spriteSourceSize": {"x":0,"y":0,"w":21,"h":14},
	"sourceSize": {"w":21,"h":14}
}
,"game_res_dn_7":
{
	"frame": {"x":1861,"y":316,"w":17,"h":14},
	"rotated": false,
	"trimmed": true,
	"spriteSourceSize": {"x":0,"y":0,"w":17,"h":14},
	"sourceSize": {"w":17,"h":14}
}
,"levels_res_dn_7":
{
	"frame": {"x":1861,"y":316,"w":17,"h":14},
	"rotated": false,
	"trimmed": true,
	"spriteSourceSize": {"x":0,"y":0,"w":17,"h":14},
	"sourceSize": {"w":17,"h":14}
}
,"game_res_md_11":
{
	"frame": {"x":1628,"y":180,"w":14,"h":14},
	"rotated": false,
	"trimmed": true,
	"spriteSourceSize": {"x":0,"y":0,"w":14,"h":14},
	"sourceSize": {"w":14,"h":14}
}
,"levels_res_md_11":
{
	"frame": {"x":1628,"y":180,"w":14,"h":14},
	"rotated": false,
	"trimmed": true,
	"spriteSourceSize": {"x":0,"y":0,"w":14,"h":14},
	"sourceSize": {"w":14,"h":14}
}
,"levels_dn_3":
{
	"frame": {"x":1631,"y":165,"w":10,"h":14},
	"rotated": false,
	"trimmed": true,
	"spriteSourceSize": {"x":0,"y":0,"w":10,"h":14},
	"sourceSize": {"w":10,"h":14}
}
,"levels_res_md_1":
{
	"frame": {"x":1,"y":374,"w":17,"h":13},
	"rotated": false,
	"trimmed": true,
	"spriteSourceSize": {"x":0,"y":0,"w":17,"h":13},
	"sourceSize": {"w":17,"h":13}
}
,"game_res_md_1":
{
	"frame": {"x":1,"y":374,"w":17,"h":13},
	"rotated": false,
	"trimmed": true,
	"spriteSourceSize": {"x":0,"y":0,"w":17,"h":13},
	"sourceSize": {"w":17,"h":13}
}
,"game_portal":
{
	"frame": {"x":5,"y":388,"w":13,"h":13},
	"rotated": false,
	"trimmed": true,
	"spriteSourceSize": {"x":12,"y":13,"w":36,"h":39},
	"sourceSize": {"w":36,"h":39}
}
,"game_part_0":
{
	"frame": {"x":1084,"y":335,"w":12,"h":13},
	"rotated": false,
	"trimmed": true,
	"spriteSourceSize": {"x":0,"y":0,"w":12,"h":13},
	"sourceSize": {"w":12,"h":13}
}
,"game_part_4":
{
	"frame": {"x":1084,"y":349,"w":12,"h":13},
	"rotated": false,
	"trimmed": true,
	"spriteSourceSize": {"x":0,"y":0,"w":12,"h":13},
	"sourceSize": {"w":12,"h":13}
}
,"game_part_3":
{
	"frame": {"x":1084,"y":363,"w":12,"h":13},
	"rotated": false,
	"trimmed": true,
	"spriteSourceSize": {"x":0,"y":0,"w":12,"h":13},
	"sourceSize": {"w":12,"h":13}
}
,"game_part_1":
{
	"frame": {"x":1881,"y":440,"w":12,"h":13},
	"rotated": false,
	"trimmed": true,
	"spriteSourceSize": {"x":0,"y":0,"w":12,"h":13},
	"sourceSize": {"w":12,"h":13}
}
,"game_part_2":
{
	"frame": {"x":1215,"y":444,"w":12,"h":13},
	"rotated": false,
	"trimmed": true,
	"spriteSourceSize": {"x":0,"y":0,"w":12,"h":13},
	"sourceSize": {"w":12,"h":13}
}
,"game_res_md_15":
{
	"frame": {"x":1228,"y":444,"w":13,"h":12},
	"rotated": false,
	"trimmed": true,
	"spriteSourceSize": {"x":0,"y":0,"w":13,"h":12},
	"sourceSize": {"w":13,"h":12}
}
,"levels_res_md_15":
{
	"frame": {"x":1228,"y":444,"w":13,"h":12},
	"rotated": false,
	"trimmed": true,
	"spriteSourceSize": {"x":0,"y":0,"w":13,"h":12},
	"sourceSize": {"w":13,"h":12}
}
,"levels_res_dn_0":
{
	"frame": {"x":252,"y":257,"w":10,"h":12},
	"rotated": false,
	"trimmed": true,
	"spriteSourceSize": {"x":0,"y":0,"w":10,"h":12},
	"sourceSize": {"w":10,"h":12}
}
,"game_res_dn_0":
{
	"frame": {"x":252,"y":257,"w":10,"h":12},
	"rotated": false,
	"trimmed": true,
	"spriteSourceSize": {"x":0,"y":0,"w":10,"h":12},
	"sourceSize": {"w":10,"h":12}
}
,"game_res_md_14":
{
	"frame": {"x":1242,"y":444,"w":13,"h":11},
	"rotated": false,
	"trimmed": true,
	"spriteSourceSize": {"x":0,"y":0,"w":13,"h":11},
	"sourceSize": {"w":13,"h":11}
}
,"levels_res_md_14":
{
	"frame": {"x":1242,"y":444,"w":13,"h":11},
	"rotated": false,
	"trimmed": true,
	"spriteSourceSize": {"x":0,"y":0,"w":13,"h":11},
	"sourceSize": {"w":13,"h":11}
}
,"levels_res_md_9":
{
	"frame": {"x":252,"y":270,"w":11,"h":11},
	"rotated": false,
	"trimmed": true,
	"spriteSourceSize": {"x":0,"y":0,"w":11,"h":11},
	"sourceSize": {"w":11,"h":11}
}
,"game_res_md_9":
{
	"frame": {"x":252,"y":270,"w":11,"h":11},
	"rotated": false,
	"trimmed": true,
	"spriteSourceSize": {"x":0,"y":0,"w":11,"h":11},
	"sourceSize": {"w":11,"h":11}
}
,"levels_res_tp_15":
{
	"frame": {"x":252,"y":282,"w":9,"h":11},
	"rotated": false,
	"trimmed": true,
	"spriteSourceSize": {"x":0,"y":0,"w":9,"h":11},
	"sourceSize": {"w":9,"h":11}
}
,"game_res_tp_15":
{
	"frame": {"x":252,"y":282,"w":9,"h":11},
	"rotated": false,
	"trimmed": true,
	"spriteSourceSize": {"x":0,"y":0,"w":9,"h":11},
	"sourceSize": {"w":9,"h":11}
}
,"game_star":
{
	"frame": {"x":252,"y":294,"w":9,"h":11},
	"rotated": false,
	"trimmed": true,
	"spriteSourceSize": {"x":0,"y":0,"w":9,"h":11},
	"sourceSize": {"w":9,"h":11}
}
,"game_res_dn_1":
{
	"frame": {"x":2039,"y":142,"w":8,"h":11},
	"rotated": false,
	"trimmed": true,
	"spriteSourceSize": {"x":0,"y":0,"w":8,"h":11},
	"sourceSize": {"w":8,"h":11}
}
,"levels_res_dn_1":
{
	"frame": {"x":2039,"y":142,"w":8,"h":11},
	"rotated": false,
	"trimmed": true,
	"spriteSourceSize": {"x":0,"y":0,"w":8,"h":11},
	"sourceSize": {"w":8,"h":11}
}
,"levels_res_dn_13":
{
	"frame": {"x":1939,"y":525,"w":17,"h":10},
	"rotated": false,
	"trimmed": true,
	"spriteSourceSize": {"x":0,"y":0,"w":17,"h":10},
	"sourceSize": {"w":17,"h":10}
}
,"game_res_dn_13":
{
	"frame": {"x":1939,"y":525,"w":17,"h":10},
	"rotated": false,
	"trimmed": true,
	"spriteSourceSize": {"x":0,"y":0,"w":17,"h":10},
	"sourceSize": {"w":17,"h":10}
}
,"game_res_dn_10":
{
	"frame": {"x":57,"y":493,"w":12,"h":10},
	"rotated": false,
	"trimmed": true,
	"spriteSourceSize": {"x":0,"y":0,"w":12,"h":10},
	"sourceSize": {"w":12,"h":10}
}
,"levels_res_dn_10":
{
	"frame": {"x":57,"y":493,"w":12,"h":10},
	"rotated": false,
	"trimmed": true,
	"spriteSourceSize": {"x":0,"y":0,"w":12,"h":10},
	"sourceSize": {"w":12,"h":10}
}
,"levels_res_dn_2":
{
	"frame": {"x":57,"y":504,"w":11,"h":10},
	"rotated": false,
	"trimmed": true,
	"spriteSourceSize": {"x":0,"y":0,"w":11,"h":10},
	"sourceSize": {"w":11,"h":10}
}
,"game_res_dn_2":
{
	"frame": {"x":57,"y":504,"w":11,"h":10},
	"rotated": false,
	"trimmed": true,
	"spriteSourceSize": {"x":0,"y":0,"w":11,"h":10},
	"sourceSize": {"w":11,"h":10}
}
,"levels_res_dn_9":
{
	"frame": {"x":57,"y":515,"w":9,"h":10},
	"rotated": false,
	"trimmed": true,
	"spriteSourceSize": {"x":0,"y":0,"w":9,"h":10},
	"sourceSize": {"w":9,"h":10}
}
,"game_res_dn_9":
{
	"frame": {"x":57,"y":515,"w":9,"h":10},
	"rotated": false,
	"trimmed": true,
	"spriteSourceSize": {"x":0,"y":0,"w":9,"h":10},
	"sourceSize": {"w":9,"h":10}
}
,"game_res_md_2":
{
	"frame": {"x":1957,"y":525,"w":16,"h":9},
	"rotated": false,
	"trimmed": true,
	"spriteSourceSize": {"x":0,"y":0,"w":16,"h":9},
	"sourceSize": {"w":16,"h":9}
}
,"levels_res_md_2":
{
	"frame": {"x":1957,"y":525,"w":16,"h":9},
	"rotated": false,
	"trimmed": true,
	"spriteSourceSize": {"x":0,"y":0,"w":16,"h":9},
	"sourceSize": {"w":16,"h":9}
}
,"game_res_tp_8":
{
	"frame": {"x":1199,"y":528,"w":13,"h":9},
	"rotated": false,
	"trimmed": true,
	"spriteSourceSize": {"x":0,"y":0,"w":13,"h":9},
	"sourceSize": {"w":13,"h":9}
}
,"game_res_tp_7":
{
	"frame": {"x":1974,"y":527,"w":13,"h":9},
	"rotated": false,
	"trimmed": true,
	"spriteSourceSize": {"x":0,"y":0,"w":13,"h":9},
	"sourceSize": {"w":13,"h":9}
}
,"levels_res_tp_7":
{
	"frame": {"x":1974,"y":527,"w":13,"h":9},
	"rotated": false,
	"trimmed": true,
	"spriteSourceSize": {"x":0,"y":0,"w":13,"h":9},
	"sourceSize": {"w":13,"h":9}
}
,"levels_res_tp_8":
{
	"frame": {"x":1199,"y":528,"w":13,"h":9},
	"rotated": false,
	"trimmed": true,
	"spriteSourceSize": {"x":0,"y":0,"w":13,"h":9},
	"sourceSize": {"w":13,"h":9}
}
,"game_res_md_6":
{
	"frame": {"x":1366,"y":453,"w":13,"h":8},
	"rotated": false,
	"trimmed": true,
	"spriteSourceSize": {"x":0,"y":0,"w":13,"h":8},
	"sourceSize": {"w":13,"h":8}
}
,"levels_res_md_6":
{
	"frame": {"x":1366,"y":453,"w":13,"h":8},
	"rotated": false,
	"trimmed": true,
	"spriteSourceSize": {"x":0,"y":0,"w":13,"h":8},
	"sourceSize": {"w":13,"h":8}
}
,"levels_res_md_10":
{
	"frame": {"x":1354,"y":453,"w":11,"h":8},
	"rotated": false,
	"trimmed": true,
	"spriteSourceSize": {"x":0,"y":0,"w":11,"h":8},
	"sourceSize": {"w":11,"h":8}
}
,"game_res_md_7":
{
	"frame": {"x":252,"y":306,"w":11,"h":8},
	"rotated": false,
	"trimmed": true,
	"spriteSourceSize": {"x":0,"y":0,"w":11,"h":8},
	"sourceSize": {"w":11,"h":8}
}
,"levels_res_md_7":
{
	"frame": {"x":252,"y":306,"w":11,"h":8},
	"rotated": false,
	"trimmed": true,
	"spriteSourceSize": {"x":0,"y":0,"w":11,"h":8},
	"sourceSize": {"w":11,"h":8}
}
,"game_res_md_10":
{
	"frame": {"x":1354,"y":453,"w":11,"h":8},
	"rotated": false,
	"trimmed": true,
	"spriteSourceSize": {"x":0,"y":0,"w":11,"h":8},
	"sourceSize": {"w":11,"h":8}
}
,"game_res_md_3":
{
	"frame": {"x":1343,"y":453,"w":10,"h":8},
	"rotated": false,
	"trimmed": true,
	"spriteSourceSize": {"x":0,"y":0,"w":10,"h":8},
	"sourceSize": {"w":10,"h":8}
}
,"levels_res_md_3":
{
	"frame": {"x":1343,"y":453,"w":10,"h":8},
	"rotated": false,
	"trimmed": true,
	"spriteSourceSize": {"x":0,"y":0,"w":10,"h":8},
	"sourceSize": {"w":10,"h":8}
}
,"game_res_dn_4":
{
	"frame": {"x":1334,"y":453,"w":8,"h":8},
	"rotated": false,
	"trimmed": true,
	"spriteSourceSize": {"x":0,"y":0,"w":8,"h":8},
	"sourceSize": {"w":8,"h":8}
}
,"levels_res_dn_4":
{
	"frame": {"x":1334,"y":453,"w":8,"h":8},
	"rotated": false,
	"trimmed": true,
	"spriteSourceSize": {"x":0,"y":0,"w":8,"h":8},
	"sourceSize": {"w":8,"h":8}
}
,"levels_res_dn_5":
{
	"frame": {"x":1256,"y":444,"w":7,"h":8},
	"rotated": false,
	"trimmed": true,
	"spriteSourceSize": {"x":0,"y":0,"w":7,"h":8},
	"sourceSize": {"w":7,"h":8}
}
,"game_res_dn_5":
{
	"frame": {"x":1256,"y":444,"w":7,"h":8},
	"rotated": false,
	"trimmed": true,
	"spriteSourceSize": {"x":0,"y":0,"w":7,"h":8},
	"sourceSize": {"w":7,"h":8}
}
,"game_res_md_0":
{
	"frame": {"x":1326,"y":453,"w":7,"h":8},
	"rotated": false,
	"trimmed": true,
	"spriteSourceSize": {"x":0,"y":0,"w":7,"h":8},
	"sourceSize": {"w":7,"h":8}
}
,"levels_res_md_0":
{
	"frame": {"x":1326,"y":453,"w":7,"h":8},
	"rotated": false,
	"trimmed": true,
	"spriteSourceSize": {"x":0,"y":0,"w":7,"h":8},
	"sourceSize": {"w":7,"h":8}
}
,"game_res_dn_15":
{
	"frame": {"x":1319,"y":453,"w":6,"h":8},
	"rotated": false,
	"trimmed": true,
	"spriteSourceSize": {"x":0,"y":0,"w":6,"h":8},
	"sourceSize": {"w":6,"h":8}
}
,"levels_res_dn_15":
{
	"frame": {"x":1319,"y":453,"w":6,"h":8},
	"rotated": false,
	"trimmed": true,
	"spriteSourceSize": {"x":0,"y":0,"w":6,"h":8},
	"sourceSize": {"w":6,"h":8}
}
,"game_res_md_12":
{
	"frame": {"x":1881,"y":454,"w":11,"h":7},
	"rotated": false,
	"trimmed": true,
	"spriteSourceSize": {"x":0,"y":0,"w":11,"h":7},
	"sourceSize": {"w":11,"h":7}
}
,"levels_res_md_12":
{
	"frame": {"x":1881,"y":454,"w":11,"h":7},
	"rotated": false,
	"trimmed": true,
	"spriteSourceSize": {"x":0,"y":0,"w":11,"h":7},
	"sourceSize": {"w":11,"h":7}
}
,"game_center":
{
	"frame": {"x":1311,"y":453,"w":7,"h":7},
	"rotated": false,
	"trimmed": true,
	"spriteSourceSize": {"x":0,"y":0,"w":7,"h":7},
	"sourceSize": {"w":7,"h":7}
}
,"game_res_md_13":
{
	"frame": {"x":1861,"y":331,"w":11,"h":6},
	"rotated": false,
	"trimmed": true,
	"spriteSourceSize": {"x":0,"y":0,"w":11,"h":6},
	"sourceSize": {"w":11,"h":6}
}
,"levels_res_md_13":
{
	"frame": {"x":1861,"y":331,"w":11,"h":6},
	"rotated": false,
	"trimmed": true,
	"spriteSourceSize": {"x":0,"y":0,"w":11,"h":6},
	"sourceSize": {"w":11,"h":6}
}
,"game_res_dn_11":
{
	"frame": {"x":1086,"y":377,"w":10,"h":6},
	"rotated": false,
	"trimmed": true,
	"spriteSourceSize": {"x":0,"y":0,"w":10,"h":6},
	"sourceSize": {"w":10,"h":6}
}
,"levels_res_dn_11":
{
	"frame": {"x":1086,"y":377,"w":10,"h":6},
	"rotated": false,
	"trimmed": true,
	"spriteSourceSize": {"x":0,"y":0,"w":10,"h":6},
	"sourceSize": {"w":10,"h":6}
}
,"game_res_dn_12":
{
	"frame": {"x":1302,"y":453,"w":8,"h":6},
	"rotated": false,
	"trimmed": true,
	"spriteSourceSize": {"x":0,"y":0,"w":8,"h":6},
	"sourceSize": {"w":8,"h":6}
}
,"levels_res_dn_12":
{
	"frame": {"x":1302,"y":453,"w":8,"h":6},
	"rotated": false,
	"trimmed": true,
	"spriteSourceSize": {"x":0,"y":0,"w":8,"h":6},
	"sourceSize": {"w":8,"h":6}
}
,"game_res_dn_6":
{
	"frame": {"x":1873,"y":331,"w":6,"h":6},
	"rotated": false,
	"trimmed": true,
	"spriteSourceSize": {"x":0,"y":0,"w":6,"h":6},
	"sourceSize": {"w":6,"h":6}
}
,"levels_res_dn_6":
{
	"frame": {"x":1873,"y":331,"w":6,"h":6},
	"rotated": false,
	"trimmed": true,
	"spriteSourceSize": {"x":0,"y":0,"w":6,"h":6},
	"sourceSize": {"w":6,"h":6}
}
,"game_res_dn_8":
{
	"frame": {"x":1894,"y":440,"w":5,"h":6},
	"rotated": false,
	"trimmed": true,
	"spriteSourceSize": {"x":0,"y":0,"w":5,"h":6},
	"sourceSize": {"w":5,"h":6}
}
,"levels_res_dn_8":
{
	"frame": {"x":1894,"y":440,"w":5,"h":6},
	"rotated": false,
	"trimmed": true,
	"spriteSourceSize": {"x":0,"y":0,"w":5,"h":6},
	"sourceSize": {"w":5,"h":6}
}
,"game_res_dn_14":
{
	"frame": {"x":2039,"y":154,"w":6,"h":4},
	"rotated": false,
	"trimmed": true,
	"spriteSourceSize": {"x":0,"y":0,"w":6,"h":4},
	"sourceSize": {"w":6,"h":4}
}
,"levels_res_dn_14":
{
	"frame": {"x":2039,"y":154,"w":6,"h":4},
	"rotated": false,
	"trimmed": true,
	"spriteSourceSize": {"x":0,"y":0,"w":6,"h":4},
	"sourceSize": {"w":6,"h":4}
}
,"game_res_dn_3":
{
	"frame": {"x":1846,"y":160,"w":2,"h":3},
	"rotated": false,
	"trimmed": true,
	"spriteSourceSize": {"x":0,"y":0,"w":2,"h":3},
	"sourceSize": {"w":2,"h":3}
}
,"levels_res_dn_3":
{
	"frame": {"x":1846,"y":160,"w":2,"h":3},
	"rotated": false,
	"trimmed": true,
	"spriteSourceSize": {"x":0,"y":0,"w":2,"h":3},
	"sourceSize": {"w":2,"h":3}
}
},"meta": {
	"app": "AVK_tools",
	"version": "1.0",
	"image": "pics/images.png",
	"format": "RGBA8888",
	"scale": "1"
}}
