<font>
  <info face="AVK_FNT_main" size="48" bold="0" italic="0" charset="" unicode="" stretchH="100" smooth="1" aa="1" padding="2,2,2,2" spacing="0,0" outline="0"/>
  <common lineHeight="67" base="48" scaleW="626" scaleH="512" pages="1" packed="0"/>
  <pages>
    <page id="0" file="font.png"/>
  </pages>
  <chars count="209">
    <char id="350" x="2" y="2" width="35" height="47" xoffset="0" yoffset="18" xadvance="36" page="0" chnl="15"/>
    <char id="304" x="2" y="51" width="11" height="47" xoffset="0" yoffset="6" xadvance="12" page="0" chnl="15"/>
    <char id="199" x="2" y="100" width="35" height="47" xoffset="0" yoffset="18" xadvance="36" page="0" chnl="15"/>
    <char id="260" x="15" y="51" width="35" height="47" xoffset="0" yoffset="18" xadvance="36" page="0" chnl="15"/>
    <char id="262" x="2" y="149" width="35" height="53" xoffset="0" yoffset="0" xadvance="36" page="0" chnl="15"/>
    <char id="220" x="39" y="2" width="35" height="47" xoffset="0" yoffset="6" xadvance="36" page="0" chnl="15"/>
    <char id="161" x="2" y="204" width="11" height="35" xoffset="0" yoffset="18" xadvance="18" page="0" chnl="15"/>
    <char id="195" x="2" y="241" width="35" height="53" xoffset="0" yoffset="0" xadvance="36" page="0" chnl="15"/>
    <char id="346" x="2" y="296" width="35" height="53" xoffset="0" yoffset="0" xadvance="36" page="0" chnl="15"/>
    <char id="200" x="2" y="351" width="35" height="53" xoffset="0" yoffset="0" xadvance="36" page="0" chnl="15"/>
    <char id="211" x="2" y="406" width="35" height="53" xoffset="0" yoffset="0" xadvance="36" page="0" chnl="15"/>
    <char id="218" x="39" y="100" width="35" height="53" xoffset="0" yoffset="0" xadvance="36" page="0" chnl="15"/>
    <char id="201" x="39" y="155" width="35" height="53" xoffset="0" yoffset="0" xadvance="36" page="0" chnl="15"/>
    <char id="196" x="52" y="51" width="35" height="47" xoffset="0" yoffset="6" xadvance="36" page="0" chnl="15"/>
    <char id="377" x="39" y="210" width="35" height="53" xoffset="0" yoffset="0" xadvance="36" page="0" chnl="15"/>
    <char id="286" x="39" y="265" width="35" height="53" xoffset="0" yoffset="0" xadvance="36" page="0" chnl="15"/>
    <char id="280" x="76" y="2" width="35" height="47" xoffset="0" yoffset="18" xadvance="36" page="0" chnl="15"/>
    <char id="205" x="39" y="320" width="17" height="53" xoffset="0" yoffset="0" xadvance="12" page="0" chnl="15"/>
    <char id="321" x="2" y="461" width="35" height="35" xoffset="0" yoffset="18" xadvance="36" page="0" chnl="15"/>
    <char id="379" x="39" y="375" width="35" height="47" xoffset="0" yoffset="6" xadvance="36" page="0" chnl="15"/>
    <char id="209" x="58" y="320" width="35" height="53" xoffset="0" yoffset="0" xadvance="36" page="0" chnl="15"/>
    <char id="213" x="39" y="424" width="35" height="53" xoffset="0" yoffset="0" xadvance="36" page="0" chnl="15"/>
    <char id="214" x="76" y="375" width="35" height="47" xoffset="0" yoffset="6" xadvance="36" page="0" chnl="15"/>
    <char id="252" x="76" y="424" width="29" height="41" xoffset="0" yoffset="12" xadvance="30" page="0" chnl="15"/>
    <char id="227" x="107" y="424" width="29" height="47" xoffset="0" yoffset="6" xadvance="30" page="0" chnl="15"/>
    <char id="305" x="39" y="479" width="11" height="23" xoffset="0" yoffset="30" xadvance="12" page="0" chnl="15"/>
    <char id="231" x="76" y="467" width="29" height="41" xoffset="0" yoffset="24" xadvance="30" page="0" chnl="15"/>
    <char id="193" x="76" y="100" width="35" height="53" xoffset="0" yoffset="0" xadvance="36" page="0" chnl="15"/>
    <char id="237" x="89" y="51" width="17" height="41" xoffset="0" yoffset="12" xadvance="12" page="0" chnl="15"/>
    <char id="233" x="108" y="51" width="29" height="47" xoffset="0" yoffset="6" xadvance="30" page="0" chnl="15"/>
    <char id="225" x="113" y="2" width="29" height="47" xoffset="0" yoffset="6" xadvance="30" page="0" chnl="15"/>
    <char id="281" x="76" y="155" width="29" height="41" xoffset="0" yoffset="24" xadvance="30" page="0" chnl="15"/>
    <char id="263" x="76" y="198" width="29" height="47" xoffset="0" yoffset="6" xadvance="30" page="0" chnl="15"/>
    <char id="261" x="76" y="247" width="29" height="41" xoffset="0" yoffset="24" xadvance="30" page="0" chnl="15"/>
    <char id="1072" x="107" y="473" width="29" height="29" xoffset="0" yoffset="24" xadvance="30" page="0" chnl="15"/>
    <char id="1073" x="95" y="290" width="29" height="35" xoffset="0" yoffset="18" xadvance="30" page="0" chnl="15"/>
    <char id="1074" x="95" y="327" width="29" height="35" xoffset="0" yoffset="18" xadvance="30" page="0" chnl="15"/>
    <char id="1075" x="113" y="364" width="29" height="29" xoffset="0" yoffset="24" xadvance="30" page="0" chnl="15"/>
    <char id="1076" x="138" y="395" width="41" height="35" xoffset="-6" yoffset="24" xadvance="30" page="0" chnl="15"/>
    <char id="1077" x="138" y="432" width="29" height="29" xoffset="0" yoffset="24" xadvance="30" page="0" chnl="15"/>
    <char id="1105" x="138" y="463" width="29" height="41" xoffset="0" yoffset="12" xadvance="30" page="0" chnl="15"/>
    <char id="1078" x="169" y="432" width="35" height="29" xoffset="0" yoffset="24" xadvance="36" page="0" chnl="15"/>
    <char id="1079" x="169" y="463" width="29" height="35" xoffset="0" yoffset="18" xadvance="30" page="0" chnl="15"/>
    <char id="1080" x="200" y="463" width="29" height="29" xoffset="0" yoffset="24" xadvance="30" page="0" chnl="15"/>
    <char id="1081" x="107" y="155" width="29" height="47" xoffset="0" yoffset="6" xadvance="30" page="0" chnl="15"/>
    <char id="1082" x="113" y="100" width="29" height="29" xoffset="0" yoffset="24" xadvance="30" page="0" chnl="15"/>
    <char id="1083" x="139" y="51" width="29" height="29" xoffset="0" yoffset="24" xadvance="30" page="0" chnl="15"/>
    <char id="1084" x="144" y="2" width="35" height="29" xoffset="0" yoffset="24" xadvance="36" page="0" chnl="15"/>
    <char id="1085" x="107" y="204" width="29" height="29" xoffset="0" yoffset="24" xadvance="30" page="0" chnl="15"/>
    <char id="1086" x="107" y="235" width="29" height="29" xoffset="0" yoffset="24" xadvance="30" page="0" chnl="15"/>
    <char id="1087" x="126" y="266" width="29" height="29" xoffset="0" yoffset="24" xadvance="30" page="0" chnl="15"/>
    <char id="1088" x="126" y="297" width="29" height="35" xoffset="0" yoffset="24" xadvance="30" page="0" chnl="15"/>
    <char id="1089" x="144" y="334" width="29" height="29" xoffset="0" yoffset="24" xadvance="30" page="0" chnl="15"/>
    <char id="1090" x="138" y="131" width="35" height="29" xoffset="0" yoffset="24" xadvance="36" page="0" chnl="15"/>
    <char id="1091" x="144" y="82" width="29" height="35" xoffset="0" yoffset="24" xadvance="30" page="0" chnl="15"/>
    <char id="1092" x="170" y="33" width="35" height="35" xoffset="0" yoffset="18" xadvance="36" page="0" chnl="15"/>
    <char id="1093" x="181" y="2" width="29" height="29" xoffset="0" yoffset="24" xadvance="30" page="0" chnl="15"/>
    <char id="1094" x="138" y="162" width="35" height="35" xoffset="0" yoffset="24" xadvance="30" page="0" chnl="15"/>
    <char id="1095" x="138" y="199" width="29" height="29" xoffset="0" yoffset="24" xadvance="30" page="0" chnl="15"/>
    <char id="1096" x="138" y="230" width="35" height="29" xoffset="0" yoffset="24" xadvance="36" page="0" chnl="15"/>
    <char id="1097" x="157" y="261" width="41" height="35" xoffset="0" yoffset="24" xadvance="36" page="0" chnl="15"/>
    <char id="1100" x="169" y="199" width="29" height="29" xoffset="0" yoffset="24" xadvance="30" page="0" chnl="15"/>
    <char id="1099" x="175" y="230" width="41" height="29" xoffset="0" yoffset="24" xadvance="42" page="0" chnl="15"/>
    <char id="1098" x="157" y="298" width="35" height="29" xoffset="0" yoffset="24" xadvance="36" page="0" chnl="15"/>
    <char id="1101" x="175" y="329" width="29" height="35" xoffset="0" yoffset="18" xadvance="30" page="0" chnl="15"/>
    <char id="1102" x="194" y="298" width="35" height="29" xoffset="0" yoffset="24" xadvance="36" page="0" chnl="15"/>
    <char id="1103" x="200" y="261" width="29" height="29" xoffset="0" yoffset="24" xadvance="30" page="0" chnl="15"/>
    <char id="1040" x="181" y="366" width="35" height="35" xoffset="0" yoffset="18" xadvance="30" page="0" chnl="15"/>
    <char id="1041" x="206" y="329" width="35" height="35" xoffset="0" yoffset="18" xadvance="36" page="0" chnl="15"/>
    <char id="1042" x="206" y="403" width="35" height="35" xoffset="0" yoffset="18" xadvance="36" page="0" chnl="15"/>
    <char id="1043" x="218" y="366" width="29" height="35" xoffset="0" yoffset="18" xadvance="30" page="0" chnl="15"/>
    <char id="1044" x="231" y="440" width="41" height="41" xoffset="-6" yoffset="18" xadvance="30" page="0" chnl="15"/>
    <char id="1045" x="243" y="403" width="35" height="35" xoffset="0" yoffset="18" xadvance="36" page="0" chnl="15"/>
    <char id="1025" x="274" y="440" width="35" height="47" xoffset="0" yoffset="6" xadvance="36" page="0" chnl="15"/>
    <char id="1046" x="175" y="70" width="47" height="35" xoffset="0" yoffset="18" xadvance="48" page="0" chnl="15"/>
    <char id="1047" x="207" y="33" width="35" height="35" xoffset="0" yoffset="18" xadvance="36" page="0" chnl="15"/>
    <char id="1048" x="175" y="107" width="35" height="35" xoffset="0" yoffset="18" xadvance="36" page="0" chnl="15"/>
    <char id="1049" x="175" y="144" width="35" height="47" xoffset="0" yoffset="6" xadvance="36" page="0" chnl="15"/>
    <char id="1050" x="200" y="193" width="35" height="35" xoffset="0" yoffset="18" xadvance="36" page="0" chnl="15"/>
    <char id="1051" x="212" y="107" width="35" height="35" xoffset="0" yoffset="18" xadvance="36" page="0" chnl="15"/>
    <char id="1052" x="224" y="70" width="35" height="35" xoffset="0" yoffset="18" xadvance="36" page="0" chnl="15"/>
    <char id="1053" x="212" y="144" width="35" height="35" xoffset="0" yoffset="18" xadvance="36" page="0" chnl="15"/>
    <char id="1054" x="244" y="2" width="35" height="35" xoffset="0" yoffset="18" xadvance="36" page="0" chnl="15"/>
    <char id="1055" x="231" y="230" width="35" height="35" xoffset="0" yoffset="18" xadvance="36" page="0" chnl="15"/>
    <char id="1056" x="237" y="181" width="35" height="35" xoffset="0" yoffset="18" xadvance="36" page="0" chnl="15"/>
    <char id="1057" x="231" y="267" width="35" height="35" xoffset="0" yoffset="18" xadvance="36" page="0" chnl="15"/>
    <char id="1058" x="243" y="304" width="35" height="35" xoffset="0" yoffset="18" xadvance="36" page="0" chnl="15"/>
    <char id="1059" x="249" y="341" width="35" height="35" xoffset="0" yoffset="18" xadvance="36" page="0" chnl="15"/>
    <char id="1060" x="280" y="378" width="47" height="47" xoffset="0" yoffset="12" xadvance="48" page="0" chnl="15"/>
    <char id="1061" x="249" y="107" width="35" height="35" xoffset="0" yoffset="18" xadvance="36" page="0" chnl="15"/>
    <char id="1062" x="261" y="39" width="41" height="41" xoffset="0" yoffset="18" xadvance="36" page="0" chnl="15"/>
    <char id="1063" x="281" y="2" width="35" height="35" xoffset="0" yoffset="18" xadvance="36" page="0" chnl="15"/>
    <char id="1064" x="249" y="144" width="47" height="35" xoffset="0" yoffset="18" xadvance="48" page="0" chnl="15"/>
    <char id="1065" x="286" y="82" width="53" height="41" xoffset="0" yoffset="18" xadvance="48" page="0" chnl="15"/>
    <char id="1068" x="304" y="39" width="35" height="35" xoffset="0" yoffset="18" xadvance="36" page="0" chnl="15"/>
    <char id="1067" x="318" y="2" width="47" height="35" xoffset="0" yoffset="18" xadvance="48" page="0" chnl="15"/>
    <char id="1066" x="311" y="427" width="47" height="35" xoffset="0" yoffset="18" xadvance="48" page="0" chnl="15"/>
    <char id="1069" x="311" y="464" width="35" height="35" xoffset="0" yoffset="18" xadvance="36" page="0" chnl="15"/>
    <char id="1070" x="348" y="464" width="47" height="35" xoffset="0" yoffset="18" xadvance="48" page="0" chnl="15"/>
    <char id="1071" x="268" y="218" width="35" height="35" xoffset="0" yoffset="18" xadvance="36" page="0" chnl="15"/>
    <char id="212" x="280" y="255" width="35" height="53" xoffset="0" yoffset="0" xadvance="36" page="0" chnl="15"/>
    <char id="246" x="286" y="310" width="29" height="41" xoffset="0" yoffset="12" xadvance="30" page="0" chnl="15"/>
    <char id="380" x="298" y="125" width="29" height="41" xoffset="0" yoffset="12" xadvance="30" page="0" chnl="15"/>
    <char id="65" x="274" y="181" width="35" height="35" xoffset="0" yoffset="18" xadvance="36" page="0" chnl="15"/>
    <char id="66" x="305" y="218" width="35" height="35" xoffset="0" yoffset="18" xadvance="36" page="0" chnl="15"/>
    <char id="67" x="311" y="168" width="35" height="35" xoffset="0" yoffset="18" xadvance="36" page="0" chnl="15"/>
    <char id="68" x="329" y="125" width="35" height="35" xoffset="0" yoffset="18" xadvance="36" page="0" chnl="15"/>
    <char id="69" x="341" y="39" width="35" height="35" xoffset="0" yoffset="18" xadvance="36" page="0" chnl="15"/>
    <char id="70" x="367" y="2" width="35" height="35" xoffset="0" yoffset="18" xadvance="36" page="0" chnl="15"/>
    <char id="71" x="341" y="76" width="35" height="35" xoffset="0" yoffset="18" xadvance="36" page="0" chnl="15"/>
    <char id="72" x="317" y="255" width="35" height="35" xoffset="0" yoffset="18" xadvance="36" page="0" chnl="15"/>
    <char id="73" x="15" y="204" width="11" height="35" xoffset="0" yoffset="18" xadvance="12" page="0" chnl="15"/>
    <char id="74" x="342" y="205" width="29" height="35" xoffset="0" yoffset="18" xadvance="30" page="0" chnl="15"/>
    <char id="75" x="348" y="162" width="35" height="35" xoffset="0" yoffset="18" xadvance="36" page="0" chnl="15"/>
    <char id="76" x="366" y="113" width="29" height="35" xoffset="0" yoffset="18" xadvance="30" page="0" chnl="15"/>
    <char id="77" x="378" y="39" width="35" height="35" xoffset="0" yoffset="18" xadvance="36" page="0" chnl="15"/>
    <char id="78" x="404" y="2" width="35" height="35" xoffset="0" yoffset="18" xadvance="36" page="0" chnl="15"/>
    <char id="79" x="378" y="76" width="35" height="35" xoffset="0" yoffset="18" xadvance="36" page="0" chnl="15"/>
    <char id="80" x="317" y="292" width="35" height="35" xoffset="0" yoffset="18" xadvance="36" page="0" chnl="15"/>
    <char id="81" x="317" y="329" width="35" height="41" xoffset="0" yoffset="18" xadvance="36" page="0" chnl="15"/>
    <char id="82" x="329" y="372" width="35" height="35" xoffset="0" yoffset="18" xadvance="36" page="0" chnl="15"/>
    <char id="83" x="360" y="409" width="35" height="35" xoffset="0" yoffset="18" xadvance="36" page="0" chnl="15"/>
    <char id="84" x="354" y="242" width="35" height="35" xoffset="0" yoffset="18" xadvance="36" page="0" chnl="15"/>
    <char id="85" x="373" y="199" width="35" height="35" xoffset="0" yoffset="18" xadvance="36" page="0" chnl="15"/>
    <char id="86" x="385" y="150" width="35" height="35" xoffset="0" yoffset="18" xadvance="36" page="0" chnl="15"/>
    <char id="87" x="397" y="113" width="47" height="35" xoffset="0" yoffset="18" xadvance="48" page="0" chnl="15"/>
    <char id="88" x="415" y="39" width="35" height="35" xoffset="0" yoffset="18" xadvance="36" page="0" chnl="15"/>
    <char id="89" x="441" y="2" width="35" height="35" xoffset="0" yoffset="18" xadvance="36" page="0" chnl="15"/>
    <char id="90" x="415" y="76" width="35" height="35" xoffset="0" yoffset="18" xadvance="36" page="0" chnl="15"/>
    <char id="97" x="212" y="2" width="29" height="29" xoffset="0" yoffset="24" xadvance="30" page="0" chnl="15"/>
    <char id="98" x="354" y="279" width="29" height="35" xoffset="0" yoffset="18" xadvance="30" page="0" chnl="15"/>
    <char id="99" x="354" y="316" width="29" height="29" xoffset="0" yoffset="24" xadvance="30" page="0" chnl="15"/>
    <char id="100" x="366" y="347" width="29" height="35" xoffset="0" yoffset="18" xadvance="30" page="0" chnl="15"/>
    <char id="101" x="385" y="279" width="29" height="29" xoffset="0" yoffset="24" xadvance="30" page="0" chnl="15"/>
    <char id="102" x="385" y="310" width="17" height="35" xoffset="0" yoffset="18" xadvance="18" page="0" chnl="15"/>
    <char id="103" x="391" y="236" width="29" height="41" xoffset="0" yoffset="24" xadvance="30" page="0" chnl="15"/>
    <char id="104" x="410" y="187" width="29" height="35" xoffset="0" yoffset="18" xadvance="30" page="0" chnl="15"/>
    <char id="105" x="422" y="150" width="11" height="35" xoffset="0" yoffset="18" xadvance="12" page="0" chnl="15"/>
    <char id="106" x="397" y="347" width="17" height="47" xoffset="0" yoffset="18" xadvance="18" page="0" chnl="15"/>
    <char id="107" x="435" y="150" width="29" height="35" xoffset="0" yoffset="18" xadvance="30" page="0" chnl="15"/>
    <char id="108" x="446" y="113" width="11" height="35" xoffset="0" yoffset="18" xadvance="12" page="0" chnl="15"/>
    <char id="109" x="404" y="310" width="47" height="29" xoffset="0" yoffset="24" xadvance="48" page="0" chnl="15"/>
    <char id="110" x="416" y="279" width="29" height="29" xoffset="0" yoffset="24" xadvance="30" page="0" chnl="15"/>
    <char id="111" x="422" y="224" width="29" height="29" xoffset="0" yoffset="24" xadvance="30" page="0" chnl="15"/>
    <char id="112" x="447" y="255" width="29" height="41" xoffset="0" yoffset="24" xadvance="30" page="0" chnl="15"/>
    <char id="113" x="453" y="187" width="29" height="41" xoffset="0" yoffset="24" xadvance="30" page="0" chnl="15"/>
    <char id="114" x="452" y="39" width="23" height="29" xoffset="0" yoffset="24" xadvance="24" page="0" chnl="15"/>
    <char id="115" x="452" y="70" width="29" height="29" xoffset="0" yoffset="24" xadvance="30" page="0" chnl="15"/>
    <char id="116" x="459" y="101" width="23" height="35" xoffset="0" yoffset="18" xadvance="24" page="0" chnl="15"/>
    <char id="117" x="477" y="39" width="29" height="29" xoffset="0" yoffset="24" xadvance="30" page="0" chnl="15"/>
    <char id="118" x="483" y="70" width="29" height="29" xoffset="0" yoffset="24" xadvance="30" page="0" chnl="15"/>
    <char id="119" x="478" y="2" width="47" height="29" xoffset="0" yoffset="24" xadvance="48" page="0" chnl="15"/>
    <char id="120" x="508" y="33" width="29" height="29" xoffset="0" yoffset="24" xadvance="30" page="0" chnl="15"/>
    <char id="121" x="466" y="138" width="29" height="41" xoffset="0" yoffset="24" xadvance="30" page="0" chnl="15"/>
    <char id="122" x="527" y="2" width="29" height="29" xoffset="0" yoffset="24" xadvance="30" page="0" chnl="15"/>
    <char id="48" x="484" y="101" width="35" height="35" xoffset="0" yoffset="18" xadvance="36" page="0" chnl="15"/>
    <char id="49" x="514" y="64" width="17" height="35" xoffset="0" yoffset="18" xadvance="18" page="0" chnl="15"/>
    <char id="50" x="397" y="396" width="35" height="35" xoffset="0" yoffset="18" xadvance="36" page="0" chnl="15"/>
    <char id="51" x="416" y="341" width="35" height="35" xoffset="0" yoffset="18" xadvance="36" page="0" chnl="15"/>
    <char id="52" x="397" y="433" width="35" height="35" xoffset="0" yoffset="18" xadvance="36" page="0" chnl="15"/>
    <char id="53" x="397" y="470" width="35" height="35" xoffset="0" yoffset="18" xadvance="36" page="0" chnl="15"/>
    <char id="54" x="434" y="378" width="35" height="35" xoffset="0" yoffset="18" xadvance="36" page="0" chnl="15"/>
    <char id="55" x="453" y="298" width="29" height="35" xoffset="0" yoffset="18" xadvance="30" page="0" chnl="15"/>
    <char id="56" x="453" y="335" width="35" height="35" xoffset="0" yoffset="18" xadvance="36" page="0" chnl="15"/>
    <char id="57" x="478" y="230" width="35" height="35" xoffset="0" yoffset="18" xadvance="36" page="0" chnl="15"/>
    <char id="33" x="484" y="181" width="11" height="35" xoffset="6" yoffset="18" xadvance="18" page="0" chnl="15"/>
    <char id="8470" x="484" y="267" width="23" height="47" xoffset="3" yoffset="6" xadvance="24" page="0" chnl="15"/>
    <char id="59" x="497" y="138" width="17" height="41" xoffset="0" yoffset="24" xadvance="24" page="0" chnl="15"/>
    <char id="37" x="497" y="181" width="35" height="35" xoffset="0" yoffset="18" xadvance="36" page="0" chnl="15"/>
    <char id="58" x="218" y="230" width="11" height="23" xoffset="6" yoffset="24" xadvance="24" page="0" chnl="15"/>
    <char id="63" x="516" y="138" width="29" height="35" xoffset="0" yoffset="18" xadvance="30" page="0" chnl="15"/>
    <char id="42" x="521" y="101" width="35" height="35" xoffset="0" yoffset="18" xadvance="36" page="0" chnl="15"/>
    <char id="40" x="539" y="33" width="17" height="47" xoffset="0" yoffset="12" xadvance="18" page="0" chnl="15"/>
    <char id="41" x="434" y="415" width="17" height="47" xoffset="0" yoffset="12" xadvance="18" page="0" chnl="15"/>
    <char id="95" x="2" y="498" width="35" height="11" xoffset="0" yoffset="48" xadvance="36" page="0" chnl="15"/>
    <char id="43" x="434" y="464" width="35" height="35" xoffset="0" yoffset="18" xadvance="36" page="0" chnl="15"/>
    <char id="45" x="280" y="427" width="29" height="11" xoffset="0" yoffset="30" xadvance="30" page="0" chnl="15"/>
    <char id="61" x="144" y="366" width="35" height="23" xoffset="0" yoffset="24" xadvance="36" page="0" chnl="15"/>
    <char id="46" x="298" y="168" width="11" height="11" xoffset="0" yoffset="42" xadvance="12" page="0" chnl="15"/>
    <char id="44" x="76" y="290" width="17" height="23" xoffset="0" yoffset="42" xadvance="18" page="0" chnl="15"/>
    <char id="47" x="453" y="415" width="35" height="35" xoffset="0" yoffset="18" xadvance="36" page="0" chnl="15"/>
    <char id="124" x="471" y="452" width="11" height="47" xoffset="6" yoffset="12" xadvance="24" page="0" chnl="15"/>
    <char id="92" x="471" y="372" width="35" height="35" xoffset="0" yoffset="18" xadvance="36" page="0" chnl="15"/>
    <char id="34" x="206" y="440" width="23" height="17" xoffset="0" yoffset="18" xadvance="24" page="0" chnl="15"/>
    <char id="39" x="533" y="82" width="11" height="17" xoffset="0" yoffset="18" xadvance="12" page="0" chnl="15"/>
    <char id="64" x="490" y="316" width="35" height="35" xoffset="0" yoffset="18" xadvance="36" page="0" chnl="15"/>
    <char id="35" x="509" y="267" width="35" height="35" xoffset="0" yoffset="18" xadvance="36" page="0" chnl="15"/>
    <char id="36" x="515" y="218" width="35" height="47" xoffset="0" yoffset="12" xadvance="36" page="0" chnl="15"/>
    <char id="94" x="113" y="131" width="23" height="17" xoffset="0" yoffset="18" xadvance="24" page="0" chnl="15"/>
    <char id="38" x="534" y="175" width="41" height="35" xoffset="0" yoffset="18" xadvance="42" page="0" chnl="15"/>
    <char id="123" x="484" y="452" width="23" height="47" xoffset="0" yoffset="12" xadvance="24" page="0" chnl="15"/>
    <char id="125" x="508" y="353" width="23" height="47" xoffset="0" yoffset="12" xadvance="24" page="0" chnl="15"/>
    <char id="91" x="527" y="304" width="17" height="47" xoffset="0" yoffset="12" xadvance="18" page="0" chnl="15"/>
    <char id="93" x="508" y="402" width="17" height="47" xoffset="0" yoffset="12" xadvance="18" page="0" chnl="15"/>
    <char id="32" x="39" y="510" width="0" height="0" xoffset="0" yoffset="48" xadvance="18" page="0" chnl="15"/>
    <char id="13" x="41" y="510" width="0" height="0" xoffset="0" yoffset="48" xadvance="18" page="0" chnl="15"/>
    <char id="9" x="509" y="451" width="23" height="47" xoffset="3" yoffset="6" xadvance="24" page="0" chnl="15"/>
    <char id="228" x="527" y="402" width="29" height="41" xoffset="0" yoffset="12" xadvance="30" page="0" chnl="15"/>
    <char id="287" x="534" y="445" width="29" height="59" xoffset="0" yoffset="6" xadvance="30" page="0" chnl="15"/>
    <char id="322" x="547" y="138" width="23" height="35" xoffset="0" yoffset="18" xadvance="24" page="0" chnl="15"/>
    <char id="347" x="533" y="353" width="29" height="47" xoffset="0" yoffset="6" xadvance="30" page="0" chnl="15"/>
    <char id="243" x="546" y="267" width="29" height="47" xoffset="0" yoffset="6" xadvance="30" page="0" chnl="15"/>
    <char id="250" x="552" y="212" width="29" height="47" xoffset="0" yoffset="6" xadvance="30" page="0" chnl="15"/>
    <char id="224" x="564" y="316" width="29" height="47" xoffset="0" yoffset="6" xadvance="30" page="0" chnl="15"/>
    <char id="245" x="577" y="261" width="29" height="47" xoffset="0" yoffset="6" xadvance="30" page="0" chnl="15"/>
    <char id="232" x="564" y="365" width="29" height="47" xoffset="0" yoffset="6" xadvance="30" page="0" chnl="15"/>
    <char id="249" x="565" y="414" width="29" height="47" xoffset="0" yoffset="6" xadvance="30" page="0" chnl="15"/>
    <char id="351" x="565" y="463" width="29" height="41" xoffset="0" yoffset="24" xadvance="30" page="0" chnl="15"/>
    <char id="191" x="595" y="310" width="29" height="35" xoffset="0" yoffset="18" xadvance="30" page="0" chnl="15"/>
    <char id="32" x="0" y="0" width="0" height="0" xoffset="0" yoffset="18" xadvance="18" page="0" chnl="15"/>
  </chars>
</font>