<?xml version="1.0" encoding="utf-8" ?>
<text>
  <lang id="en">
    <tap>Tap to Start</tap>
    <chooseTittle>Choose Your Pet</chooseTittle>
    <pick>pick</pick>
    <animal1>Chicken</animal1>
    <animal2>Cat</animal2>
    <animal3>Dog</animal3>
    <animal4>Pig</animal4>
    <animal5>Rabbit</animal5>
    <animal6>Frog</animal6>
    <scorePanel>Your Score:</scorePanel>
    <best>Best Score:</best>
    <bestPanel>New High Score!</bestPanel>   
    <howToTittle>How To Play</howToTittle>
    
  </lang>
  <lang id="es">
    <tap>Toca para Empezar</tap>
    <chooseTittle>Elige tu mascota</chooseTittle>
    <pick>Elegir</pick>
    <animal1>Pollo</animal1>
    <animal2>Gato</animal2>
    <animal3>Perro</animal3>
    <animal4>Cerdo</animal4>
    <animal5>Conejo</animal5>
    <animal6>Rana</animal6>
    <scorePanel>Tu Puntaje:</scorePanel>
    <best>Mejor Puntaje:</best>
    <bestPanel>Nuevo Puntaje Mas Alto!</bestPanel>   
    <howToTittle>Como Jugar</howToTittle>

  </lang>
  <lang id="de">
    <tap>Antippen um zu starten</tap>
    <chooseTittle>Such Dir ein Tier aus</chooseTittle>
    <pick>Wählen</pick>
    <animal1>Huhn</animal1>
    <animal2>Katze</animal2>
    <animal3>Hund</animal3>
    <animal4>Schweinchen</animal4>
    <animal5>Hase</animal5>
    <animal6>Frosch</animal6>
    <scorePanel>Deine Punktzahl:</scorePanel>
    <best>Dein Rekord:</best>
    <bestPanel>Neuer Rekord!</bestPanel>   
    <howToTittle>So geht's:</howToTittle>
  </lang>

    <lang id="fr">
    <tap>Cliquez pour commencer</tap>
    <chooseTittle>Choisissez votre animal</chooseTittle>
    <pick>choisir</pick>
    <animal1>Poulet</animal1>
    <animal2>Chat</animal2>
    <animal3>Chien</animal3>
    <animal4>Cochon</animal4>
    <animal5>Lapin</animal5>
    <animal6>Grenouille</animal6>
    <scorePanel>Votre score:</scorePanel>
    <best>Meilleur score:</best>
    <bestPanel>Nouveau Score élevé!</bestPanel>   
    <howToTittle>Comment jouer</howToTittle>
  </lang>

    <lang id="it">
    <tap>Premi per iniziare</tap>
    <chooseTittle>Scegli il tuo animale </chooseTittle>
    <pick>scegli</pick>
    <animal1>Pollo</animal1>
    <animal2>Gatto</animal2>
    <animal3>Cane</animal3>
    <animal4>Maiale</animal4>
    <animal5>Coniglio</animal5>
    <animal6>Rana</animal6>
    <scorePanel>Il tuo punteggio:</scorePanel>
    <best>Miglior punteggio:</best>
    <bestPanel>Nuovo miglior punteggio!</bestPanel>   
    <howToTittle>Come Giocare</howToTittle>
  </lang>

    <lang id="pt">
    <tap>Clica para começar</tap>
    <chooseTittle>Escolhe o teu animal de estimação</chooseTittle>
    <pick>escolher</pick>
    <animal1>Galinha</animal1>
    <animal2>Gato</animal2>
    <animal3>Cão</animal3>
    <animal4>Porco</animal4>
    <animal5>Coelho</animal5>
    <animal6>Sapo</animal6>
    <scorePanel>A tua pontuação:</scorePanel>
    <best>Melhor pontuação:</best>
    <bestPanel>Nova melhor pontuação!</bestPanel>   
    <howToTittle>Como jogar</howToTittle>
  </lang>

    <lang id="ru">
    <tap>Нажмите, чтобы начать</tap>
    <chooseTittle>Выберите животное</chooseTittle>
    <pick>выбрать</pick>
    <animal1>Цыпленок</animal1>
    <animal2>Кошка</animal2>
    <animal3>Собака</animal3>
    <animal4>Свинья</animal4>
    <animal5>Кролик</animal5>
    <animal6>Лягушка</animal6>
    <scorePanel>Ваш счет:</scorePanel>
    <best>Лучший счет:</best>
    <bestPanel>Новый рекорд!</bestPanel>   
    <howToTittle>Как играть</howToTittle>
  </lang>

    <lang id="tr">
    <tap>Başlamak için Dokun</tap>
    <chooseTittle>Hayvanını Seç</chooseTittle>
    <pick>al</pick>
    <animal1>Tavuk</animal1>
    <animal2>Kedi</animal2>
    <animal3>Köpek</animal3>
    <animal4>Domuz </animal4>
    <animal5>Tavşan</animal5>
    <animal6>Kurbağa</animal6>
    <scorePanel>Skorun:</scorePanel>
    <best>En İyi Skor:</best>
    <bestPanel>Yeni Yüksek Skor!</bestPanel>   
    <howToTittle>Nasıl Oynanır</howToTittle>
  </lang>

    <lang id="th">
    <tap>แตะเพื่อเริ่มต้น</tap>
    <chooseTittle>เลือกสัตว์เลี้ยงของคุณ</chooseTittle>
    <pick>เลือก</pick>
    <animal1>ไก่</animal1>
    <animal2>แมว</animal2>
    <animal3>สุนัข</animal3>
    <animal4>หมู </animal4>
    <animal5>กระต่าย</animal5>
    <animal6>กบ:</animal6>
    <scorePanel>คะแนนของคุณ:</scorePanel>
    <best>คะแนนที่ดีที่สุด:</best>
    <bestPanel>คะแนนสูงสุดใหม่!</bestPanel>   
    <howToTittle>วิธีเล่น</howToTittle>
  </lang>
</text>