{
	"en": {
        "play": "play",
        "classic": "classic",
        "magic": "magic",
        "multiplayer": "multiplayer",
        "saveMeFor": "Save me for",
        "ad": "ad",
        "highscore": "highscore",
        "results": "results",
        "score": "score",
        "best": "best",
        "time": "time",        
        "tutorialChange": "Replaces the current piece with a different one",
        "tutorialMini": "Minimizes the current piece to size of a single square",
        "tutorialBomb": "Bombs drop from the top of the screen and destroy everything they touch",
        "tutorialBubble": "All pieces already dropped become wobbly for a brief period of time. Clicking these blocks destroys the pieces",
        "loginPlease": "Log in with Facebook\nto save your highscores",
        "tetra": "Tetra!",
        
        "win": "You Win!",
        "extra": "Экстра!",     
        "noLives": "You don't have enough lifes",
        "payLives": "Pay or watch ad for refill",
        "getLife": "You get {X} life",
        "lastBonus": "last bonus",
        "buy2": "buy",
        
        "noMoves": "Out of possible moves!",
        "blockSets": "Sets of blocks",
        "changeFigures": "Change\nFigures",
        "clearOne": "Clear\nOne Field",
        "clearSame": "Clear\nType",
        "clearArea": "Clear\nArea",
        "tapContinue": "Tap a cell to continue",        
        
        "good": "Good!",
        "fine": "Fine!",
        "cool": "Cool!",
        "great": "Great!",
        "excellent": "Excellent!",
        "perfect": "Perfect!",
        "amazing": "Amazing!",
        "awesome": "Awesome!",
        "godlike": "Godlike!",
        "boom": "Boom!",
        
        "watch": "Watch now!",
        "claim": "Claim",
        "thanks4watch": "Hope you enjoyed it!\nThanks for watching!",
        "earnCoins": "Earn {X} coins",
        "getCoins": "You get {X} coins",
        "addCoins": "Add more coins!",
        "buyCoins": "Add more coins!",        
        "thanks": "Thank You!",
        "noVideo": "You watched all available\nvideos for today",
        "comeBack": "Come back tomorrow!",
        "close": "Close",        

        "levelLocked": "Level locked!\nTo continue, unlock\nfull version for {X}",
        "wantCoins": "Do you want to have\n{X1} coins for {X2}?",        
        "enterCode": "Enter code",
        "ok": "Ok",
        "cancel": "Cancel",
        "playDemo": "Play DEMO",
        "back": "Go back",
        "tryAgain" : "Try again",     
        "confirm": "Confirm",   
        "buy": "BUY",
        "paymentProgress": "In processing, please wait for a while",
        "paymentSuccess": "Payment successfull",
        "paymentFailed": "Payment failed!",
        "paymentCantAfford": "Payment failed!",
        "paymentThanks": "Thanks! Payment successfull",
        "wantUnlock": "Do you want to unlock\nfull version?"
    },
    "ru": {
        "play": "play",
        "classic": "классический",
        "magic": "волшебный",
        "multiplayer": "мультиплеер",
        "saveMeFor": "Спасите меня за",
        "ad": "реклама",
        "highscore": "рекорд",
        "results": "результаты",
        "score": "счет",
        "best": "лучший счет",
        "time": "время",
        "tutorialChange": "Заменяет текущий\nобъект другим",
        "tutorialMini": "Уменьшает размер текущего\nобъекта до размера\nодного квадрата",
        "tutorialBomb": "Бомбы падают с верха экрана и разрушают все, к чему\nприкасаются",
        "tutorialBubble": "Все упавшие объекты на\nкороткий период времени\nстановятся шатающимися.\nНажатие на эти блоки\nразрушает их",
        "loginPlease": "Войдите при помощи Facebook,\nчтобы сохранить свои рекорды",
        "tetra": "Tetra!",
        
        "win": "Ты выиграл(а)!",
        "extra": "Добавка!",        
        "noLives": "У тебя недостаточно жизней",
        "payLives": "Плати или смотри рекламу\nза пополнение",
        "getLife": "Ты получаешь {X} жизни(ей)",
        "lastBonus": "последний бонус",
        "buy2": "Купить",
        
        "noMoves": "Нет возможных ходов!",
        "blockSets": "Наборы блоков",
        "changeFigures": "Сменить\nФигуры",
        "clearOne": "Удалить\nОдну",
        "clearSame": "Удалить\nПохожие",
        "clearArea": "Удалить\nОбласть",
        "tapContinue": "Нажмите на клетку для продолжения",        
        
        "good": "Хорошо!",
        "fine": "Неплохо!",
        "cool": "Круто!",
        "great": "Здорово!",
        "excellent": "Великолепно!",
        "perfect": "Отлично!",
        "amazing": "Прекрасно!",
        "awesome": "Удивительно!",
        "godlike": "Божественно!",
        "boom": "Бум!",
        
        "watch": "Смотреть сейчас!",
        "claim": "Получить",
        "thanks4watch": "Надеюсь Вам понравилось!\nСпасибо за просмотр!",
        "earnCoins": "Получить {X} монет(ы)",
        "getCoins": "Вы получили {X} монет(ы)",
        "addCoins": "Добавить еще монет",
        "buyCoins": "Добавить монет", 
        "thanks": "Спасибо!",
        "noVideo": "Вы просмотрели все видео,\nдоступные на сегодня",
        "comeBack": "Возвращайтесь завтра!",
        "close": "Закрыть",        

        "levelLocked": "Уровень заблокирован!\nДля продолжения, получите\nполную версию за {X}",
        "wantCoins": "Вы хотите получить\n{X1} монет за {X2}?",        
        "enterCode": "Введите код",
        "ok": "Ok",
        "cancel": "Отмена",
        "playDemo": "Играть DEMO",
        "back": "Назад",
        "tryAgain" : "Попробовать снова",     
        "confirm": "Подтверждаю",        
        "buy": "Купить",
        "paymentProgress": "В процессе, пожалуйста, подождите",
        "paymentSuccess": "Платеж успешен",
        "paymentFailed": "Платеж не удался!",
        "paymentCantAfford": "Недостаточно средств",
        "paymentThanks": "Спасибо! Платеж принят",
        "wantUnlock": "Вы хотите разблокировать\nполную версию?"
    },
	"de": {
        "play": "spielen",
        "classic": "Klassisch",
        "magic": "Magisch",
        "multiplayer": "Mehrspieler",
        "saveMeFor": "Rette mich für",
        "ad": "Werbung",
        "highscore": "Highscore",
        "results": "Ergebnisse",
        "score": "Punkte",
        "best": "Rekord",
        "time": "Zeit",
        "tutorialChange": "Ersetzt den aktuellen Stein durch einen anderen",
        "tutorialMini": "Verringert die Größe des aktuellen Steins auf ein Feld",
        "tutorialBomb": " Bomben fallen vom oberen Bildschirmrand herab und zerstören alles, womit sie in Berührung kommen",
        "tutorialBubble": "Alle bereits herabgefallenen Steine fangen für eine kurze Zeit an zu wackeln und lassen sich durch anklicken zerstören",
        "loginPlease": "Melden Sie sich mit Facebook\nan um Ihre Highscore zu speichern",
        "tetra": "Tetra!",
        
        "win": "Gewonnen!",
        "extra": "Extra!",        
        "noLives": "Du hast nicht genug Leben!",
        "payLives": "Kaufen oder Werbung ansehen,\num aufzufüllen",
        "getLife": "Du erhältst {X} Leben",
        "lastBonus": "Letzter Bonus",
        "buy2": "Kaufen",
        
        "noMoves": "Keine Züge mehr",
        "blockSets": "Neue Spielsteine",
        "changeFigures": "Andere Formen\nerhalten",
        "clearOne": "Ein Feld\nlöschen",
        "clearSame": "Eine Farbe\nlöschen",
        "clearArea": "Ein Gebiet\nlöschen",
        "tapContinue": "Ein Feld berühren um fortzufahren",        
        
        "good": "Gut!",
        "fine": "Klasse!",
        "cool": "Cool!",
        "great": "Großartig!",
        "excellent": "Exzellent!",
        "perfect": "Perfekt!",
        "amazing": "Erstaunlich!",
        "awesome": "Wahnsinn!",
        "godlike": "Göttlich!",
        "boom": "Boom!",
        
        "watch": "Jetzt ansehen!",
        "claim": "Abholen",
        "thanks4watch": "Hat es Dir gefallen?\nDanke fürs Zuschauen!",
        "earnCoins": "Verdiene {X} Münzen",
        "getCoins": "Du erhältst {X} Münzen",
        "addCoins": "Hol Dir mehr Münzen!",
        "buyCoins": "Hol Dir mehr Münzen!",
        "thanks": "Vielen Dank!",
        "noVideo": "Du hast alle für heute\nverfügbaren Videos gesehen",
        "comeBack": "Komm morgen wieder!",
        "close": "Schließen",

        "levelLocked": "Level locked!\nTo continue, unlock\nfull version for {X}",
        "wantCoins": "Do you want to have\n{X1} coins for {X2}?",        
        "enterCode": "Enter code",
        "ok": "Ok",
        "cancel": "Cancel",
        "playDemo": "Play DEMO",
        "back": "Go back",
        "tryAgain" : "Try again",     
        "confirm": "Confirm",   
        "buy": "BUY",
        "paymentProgress": "In processing, please wait for a while",
        "paymentSuccess": "Payment successfull",
        "paymentFailed": "Payment failed!",
        "paymentCantAfford": "Payment failed!",
        "paymentThanks": "Thanks! Payment successfull",
        "wantUnlock": "Do you want to unlock\nfull version?"
    },
	"es": {
        "play": "jugar",
        "classic": "clásico",
        "magic": "magia",
        "multiplayer": "multijugador",
        "saveMeFor": "Sálvame por",
        "ad": "anuncio",
        "highscore": "puntuación más alta",
        "results": "resultados",
        "score": "puntuación",
        "best": "mejor",
        "time": "tiempo",
        "tutorialChange": "Reemplaza la pieza actual con una diferente",
        "tutorialMini": "Minimiza la pieza actual al tamaño de un solo cuadrado",
        "tutorialBomb": "Las bombas caen desde la parte superior de la pantalla y destruyen todo lo que tocan",
        "tutorialBubble": "Todas las piezas ya caídas serán inestables durante un breve período de tiempo. Al hacer clic en estos bloques se destruirán",
        "loginPlease": "Inicia sesión en Facebook para\nguardar las mejores puntuaciones",
        "tetra": "¡Tetra!",
        
        "win": "¡Has ganado!",
        "extra": "¡Extra!",        
        "noLives": "No tienes suficientes vidas",
        "payLives": "Paga o ve el anuncio\npara recargar",
        "getLife": "Has obtenido {X} vidas",
        "lastBonus": "última bonificación",
        "buy2": "Compra",
        
        "noMoves": "No quedan movimientos",
        "blockSets": "Sets de bloques",
        "changeFigures": "cambiar\nfiguras",
        "clearOne": "Despejar\nun campo",
        "clearSame": "Despejar\ntipo",
        "clearArea": "Despejar\nárea",
        "tapContinue": "Toca cualquier celda para seguir",        
        
        "good": "¡Bien!",
        "fine": "¡Correcto!",
        "cool": "¡Estupendo!",
        "great": "¡Genial!",
        "excellent": "¡Excelente!",
        "perfect": "¡Perfecto!",
        "amazing": "¡Increíble!",
        "awesome": "¡Alucinante!",
        "godlike": "¡Superior!",
        "boom": "Boom!",
        
        "watch": "¡Ver ahora!",
        "claim": "Reclamar",
        "thanks4watch": "¡Espero que te\nhaya gustado!\n¡Gracias por verlo!",
        "earnCoins": "Gana {X} monedas",
        "getCoins": "Has conseguido {X} monedas",
        "addCoins": "¡Añade más monedas!",
        "buyCoins": "¡Añade más monedas!",
        "thanks": "¡Gracias!",
        "noVideo": "Has visto todos los vídeos\ndisponibles por hoy",
        "comeBack": "¡Vuelve mañana!",
        "close": "Cerrar",

        "levelLocked": "Level locked!\nTo continue, unlock\nfull version for {X}",
        "wantCoins": "Do you want to have\n{X1} coins for {X2}?",        
        "enterCode": "Enter code",
        "ok": "Ok",
        "cancel": "Cancel",
        "playDemo": "Play DEMO",
        "back": "Go back",
        "tryAgain" : "Try again",     
        "confirm": "Confirm",   
        "buy": "BUY",
        "paymentProgress": "In processing, please wait for a while",
        "paymentSuccess": "Payment successfull",
        "paymentFailed": "Payment failed!",
        "paymentCantAfford": "Payment failed!",
        "paymentThanks": "Thanks! Payment successfull",
        "wantUnlock": "Do you want to unlock\nfull version?"
    },
	"fr": {
        "play": "jouer",
        "classic": "classique",
        "magic": "magique",
        "multiplayer": "multijoueur",
        "saveMeFor": "Sauvez-moi pour",
        "ad": "publicité",
        "highscore": "meilleurs scores",
        "results": "résultats",
        "score": "score",
        "best": "meilleur",
        "time": "temps",
        "tutorialChange": "Remplace la pièce actuelle par une autre",
        "tutorialMini": "Réduit la pièce actuelle à la taille d'un simple carré",
        "tutorialBomb": "Les bombes tombent du haut de l'écran et détruisent tout ce qu'elles touchent",
        "tutorialBubble": "Toutes les pièces déjà tombés deviennent bancales pour un petit moment. Cliquez dessus détruit les blocs",
        "loginPlease": "Connectez-vous avec Facebook pour enregistrer vos meilleurs scores",
        "tetra": "Tetra !",
        
        "win": "Vous avez gagné !",
        "extra": "Extra !",        
        "noLives": "Vous ne disposez pas\nde suffisamment de vies",
        "payLives": "Payez ou regardez\nune pub pour recharger",
        "getLife": "Vous obtenez {X} vie(s)",
        "lastBonus": "dernier bonus",
        "buy2": "Acheter",
        
        "noMoves": "Plus de coups possibles",
        "blockSets": "Nouveaux ensembles de blocs",
        "changeFigures": "Changer les\néléments",
        "clearOne": "Effacer\nun bloc",
        "clearSame": "Effacer un\nélémént",
        "clearArea": "Effacer\nune zone",
        "tapContinue": "Touchez une cellule pour continuer",        
        
        "good": "Bon !",
        "fine": "Très bien !",
        "cool": "Cool !",
        "great": "Super !",
        "excellent": "Excellent !",
        "perfect": "Parfait !",
        "amazing": "Incroyable !",
        "awesome": "Formidable !",
        "godlike": "Divin !",
        "boom": "Boom!",
        
        "watch": "Visionnez la vidéo!",
        "claim": "Demande",
        "thanks4watch": "Nous espérons que\nvous l'avez appréciée !\nMerci de l'avoir regardée !",
        "earnCoins": "Gagne {X} pièces",
        "getCoins": "Vous avez obtenu {X} pièces",
        "addCoins": "Ajouter des pièces !",
        "buyCoins": "Obtenir plus de pièces",
        "thanks": "Merci !",
        "noVideo": "Vous avez regardé toutes lies vidéos\ndisponibles pour aujourd'hui",
        "comeBack": "Revenez demain !",
        "close": "Fermer",

        "levelLocked": "Débloquer le jeu\ncomplet pour {X}",
        "wantCoins": "Obtenir {X1} pièces pour {X2}?",        
        "enterCode": "Saisir code",
        "ok": "Ok",
        "cancel": "Annuler",
        "playDemo": "Jeu DÉMO",
        "back": "Retourner",
        "tryAgain" : "Essayez à nouveau",     
        "confirm": "Confirmer",        
        "buy": "Acheter",
        "paymentProgress": "Paiement en cours...",
        "paymentSuccess": "Achat réussi",
        "paymentFailed": "Votre achat n'a pas été validé.\nVous étiez peut-être hors couverture,\nou n'aviez pas suffisamment de crédit",
        "paymentCantAfford": "Votre achat n'a pu être\neffectué car le crédit de votre\ncompte est insuffisant",
        "paymentThanks": "Merci. Votre paiement\na été accepté",
        "wantUnlock": "Débloquer le jeu complet?"
    },
	"it": {
        "play": "gioca",
        "classic": "Classica",
        "magic": "Magica",
        "multiplayer": "Multigiocatore",
        "saveMeFor": "Salvami per",
        "ad": "video",
        "highscore": "punteggio più alto",
        "results": "risultati",
        "score": "punteggio",
        "best": "Miglior punteggio",
        "time": "tempo",
        "tutorialChange": "Sostituisce l'attuale pezzo con uno diverso",
        "tutorialMini": "Minimizza l'attuale pezzo nella misura di un singolo quadrato",
        "tutorialBomb": "Le bombe cadono dalla parte alta dello schermo e distruggono tutto quello che toccano",
        "tutorialBubble": "Tutti i pezzi già caduti diventano traballanti per un breve periodo di tempo. Cliccare su questi blocchi li distrugge",
        "loginPlease": "Accedi a Facebook per\nsalvare i tuoi punteggi",
        "tetra": "Tetra!",
        
        "win": "Hai vinto!",
        "extra": "Extra!",        
        "noLives": "Non hai abbastanza vite",
        "payLives": "Paga oppure guarda i messaggi\npubblicitari per fare rifornimento",
        "getLife": "Ricevi {X} vita",
        "lastBonus": "ultimo bonus",
        "buy2": "Compra",
        
        "noMoves": "Mosse terminate",
        "blockSets": "Serie di blocchi",
        "changeFigures": "modifica\nle cifre",
        "clearOne": "Cancella\ncampo",
        "clearSame": "Cancella\ndigitazione",
        "clearArea": "Cancella\narea",
        "tapContinue": "Tocca una cella per continuare",        
        
        "good": "Ottimo!",
        "fine": "Bene!",
        "cool": "Grande!",
        "great": "Fantastico!",
        "excellent": "Eccellente!",
        "perfect": "Perfetto!",
        "amazing": "Magnifico!",
        "awesome": "Meraviglioso!",
        "godlike": "Divino!",
        "boom": "Boom!",
        
        "watch": "Guarda ora!",
        "claim": "Richiedi",
        "thanks4watch": "Speriamo ti sia piaciuto!\nGrazie per aver guardato!",
        "earnCoins": "Guadagna {X} monete",
        "getCoins": "Hai ottenuto {X} monete",
        "addCoins": "Aggiungi altre monete!",
        "buyCoins": "Aggiungi altre monete!",     
        "thanks": "Grazie!",
        "noVideo": "Hai guardato tutti i video\ndisponibili per oggi",
        "comeBack": "Torna domani!",
        "close": "Chiudi", 

        "levelLocked": "Level locked!\nTo continue, unlock\nfull version for {X}",
        "wantCoins": "Do you want to have\n{X1} coins for {X2}?",        
        "enterCode": "Enter code",
        "ok": "Ok",
        "cancel": "Cancel",
        "playDemo": "Play DEMO",
        "back": "Go back",
        "tryAgain" : "Try again",     
        "confirm": "Confirm",   
        "buy": "BUY",
        "paymentProgress": "In processing, please wait for a while",
        "paymentSuccess": "Payment successfull",
        "paymentFailed": "Payment failed!",
        "paymentCantAfford": "Payment failed!",
        "paymentThanks": "Thanks! Payment successfull",
        "wantUnlock": "Do you want to unlock\nfull version?"
    },
	"pt": {
        "play": "jogar",
        "classic": "clássico",
        "magic": "mágico",
        "multiplayer": "multijogador",
        "saveMeFor": "Guarde-me para",
        "ad": "pub.",
        "highscore": "alta pontuação",
        "results": "resultados",
        "score": "pontuação",
        "best": "melhor",
        "time": "tempo",
        "tutorialChange": "Substitui a peça atual por outra diferente",
        "tutorialMini": "Minimiza a peça atual para o tamanho de um único quadrado",
        "tutorialBomb": "As bombas caem do cimo do ecrã e destroem tudo o que tocam",
        "tutorialBubble": "Todas as peças já caídas ficam a tremer por um breve período. Clicar nestes blocos destrói-os",
        "loginPlease": "Inicie sessão com o Facebook para\nguardar as suas melhores pontuações",
        "tetra": "Tetra!",
        
        "win": "Ganhaste!",
        "extra": "Extra!",        
        "noLives": "Não tens vidas suficientes",
        "payLives": "Paga ou vê o anúncio\npara recuperares",
        "getLife": "Ganhaste {X} vidas",
        "lastBonus": "último bónus",
        "buy2": "Comprar",
        
        "noMoves": "Sem jogadas possíveis",
        "blockSets": "Conjuntos de blocos",
        "changeFigures": "mudar\nfiguras",
        "clearOne": "Limpar\nUm Campo",
        "clearSame": "Limpar\nTipo",
        "clearArea": "Limpar\nÁrea",
        "tapContinue": "Toque numa célula para continuar",        
        
        "good": "Bom!",
        "fine": "Boa!",
        "cool": "Fantástico!",
        "great": "Ótimo!",
        "excellent": "Excelente!",
        "perfect": "Perfeito!",
        "amazing": "Incrível!",
        "awesome": "Impressionante!",
        "godlike": "Divino!",
        "boom": "Boom!",
        
        "watch": "Ver agora!",
        "claim": "Reclamar",
        "thanks4watch": "Obrigado por assistir!\nEspero que tenha gostado!",
        "earnCoins": "Ganhe {X} moedas",
        "getCoins": "Recebe {X} moedas",
        "addCoins": "Adicionar mais moedas!",
        "buyCoins": "Adicionar mais moedas!",
        "thanks": "Obrigado!",
        "noVideo": "Viu todos os vídeos\ndisponíveis para hoje",
        "comeBack": "Volte amanhã!",
        "close": "Fechar",

        "levelLocked": "Level locked!\nTo continue, unlock\nfull version for {X}",
        "wantCoins": "Do you want to have\n{X1} coins for {X2}?",        
        "enterCode": "Enter code",
        "ok": "Ok",
        "cancel": "Cancel",
        "playDemo": "Play DEMO",
        "back": "Go back",
        "tryAgain" : "Try again",     
        "confirm": "Confirm",   
        "buy": "BUY",
        "paymentProgress": "In processing, please wait for a while",
        "paymentSuccess": "Payment successfull",
        "paymentFailed": "Payment failed!",
        "paymentCantAfford": "Payment failed!",
        "paymentThanks": "Thanks! Payment successfull",
        "wantUnlock": "Do you want to unlock\nfull version?"
    },
	"tr": {
        "play": "Oyna",
        "classic": "klasik",
        "magic": "sihir",
        "multiplayer": "çoklu oyuncu",
        "saveMeFor": "karşılığında beni kurtar",
        "ad": "reklam",
        "highscore": "yüksek puan",
        "results": "sonuçlar",
        "score": "puan",
        "best": "en iyi",
        "time": "süre",
        "tutorialChange": "Mevcut parçayı farklı bir tane ile değiştirir",
        "tutorialMini": "Mevcut parçayı tek bir karenin boyutuna küçültür",
        "tutorialBomb": "Bombalar ekranın üstünden düşer ve deydiği herşeyi yok eder",
        "tutorialBubble": "Düşürülen tüm parçalar belli bir süreliğine zaten sallantılı hale gelir. Bu bloklara tıklamak onları yok eder",
        "loginPlease": "Yüksek puanınızı kaydetmek için\nfacebook ile giriş yapın",
        "tetra": "Tetra!",
        
        "win": "Kazandın!",
        "extra": "Ekstra!",        
        "noLives": "Yeterli canın yok",
        "payLives": "Tekrar doldurmak için ödeme\nyap ya da reklamı izle",
        "getLife": "{X} can aldın",
        "lastBonus": "son bonus",
        "buy2": "SATIN",
        
        "noMoves": "Mümkün olan hamlelerden",
        "blockSets": "Blok dizisi",
        "changeFigures": "rakamları\ndeğiştir",
        "clearOne": "Bir Alanı\nTemizle",
        "clearSame": "Türü\nTemizle",
        "clearArea": "Alanı\nTemizle",
        "tapContinue": "Devam etmek için bir hücreye dokun",        
        
        "good": "İyi!",
        "fine": "Güzel!",
        "cool": "Harika!",
        "great": "Süper!",
        "excellent": "Mükemmel!",
        "perfect": "Kusursuz!",
        "amazing": "İnanılmaz!",
        "awesome": "Muhteşem!",
        "godlike": "Üstün!",
        "boom": "Boom!",
        
        "watch": "Şimdi izleyin!",
        "claim": "Talep et",
        "thanks4watch": "Umarız beğenmişsindir!\nİzlediğin için teşekkürler!",
        "earnCoins": "{X} jeton kazan",
        "getCoins": "{X} jeton alırsın",
        "addCoins": "Daha fazla para ekle!",
        "buyCoins": "Daha fazla para ekle!",  
        "thanks": "Teşekkürler!",
        "noVideo": "Bugünlük mevcut olan tüm\nvideoları izlediniz",
        "comeBack": "Yarın yine bekleriz!",
        "close": "Kapat",

        "levelLocked": "Level locked!\nTo continue, unlock\nfull version for {X}",
        "wantCoins": "Do you want to have\n{X1} coins for {X2}?",        
        "enterCode": "Enter code",
        "ok": "Ok",
        "cancel": "Cancel",
        "playDemo": "Play DEMO",
        "back": "Go back",
        "tryAgain" : "Try again",     
        "confirm": "Confirm",   
        "buy": "BUY",
        "paymentProgress": "In processing, please wait for a while",
        "paymentSuccess": "Payment successfull",
        "paymentFailed": "Payment failed!",
        "paymentCantAfford": "Payment failed!",
        "paymentThanks": "Thanks! Payment successfull",
        "wantUnlock": "Do you want to unlock\nfull version?"
    },
    "nl": {
        "play": "Speel",
        "classic": "klassiek",
        "magic": "magisch",
        "multiplayer": "multiplayer",
        "saveMeFor": "Red me voor",
        "ad": "pub",
        "highscore": "topscore",
        "results": "resultaten",
        "score": "score",
        "best": "beste",
        "time": "tijd",
        "tutorialChange": "Vervangt het huidige stuk door een ander",
        "tutorialMini": "Verkleint het huidige stuk tot de grootte van een enkel vierkant",
        "tutorialBomb": "Bommen vallen van boven het scherm en vernietigen alles wat ze raken",
        "tutorialBubble": "Alle al gedropte stukken worden gedurende korte tijd wiebelig. Klikken op deze blokken vernietigt ze",
        "loginPlease": "Meld aan met Facebook\nom je topscores te bewaren",
        "tetra": "Tetra!",
        
        "win": "Jij wint!",
        "extra": "Extra!",        
        "noLives": "Je hebt niet genoeg levens",
        "payLives": "Betaal of bekijk een advertentie\nom aan te kunnen vullen",
        "getLife": "Je krijgt {X} levens",
        "lastBonus": "laatste bonus",
        "buy2": "Koop",
        
        "noMoves": "Van mogelijke zetten",
        "blockSets": "Blokkensets",
        "changeFigures": "verander\ncijfers",
        "clearOne": "Eén veld\nwissen",
        "clearSame": "Type\nwissen",
        "clearArea": "Gebied\nwissen",
        "tapContinue": "Tik op een cel om verder te gaan",        
        
        "good": "Goed!",
        "fine": "Prima!",
        "cool": "Cool!",
        "great": "Geweldig!",
        "excellent": "Uitstekend!",
        "perfect": "Perfect!",
        "amazing": "Verbazingwekkend!",
        "awesome": "Verbazingwekkend!",
        "godlike": "Als een god!",
        "boom": "Boom!",
        
        "watch": "Kijk nu!",
        "claim": "Claimen",
        "thanks4watch": "Bedankt voor het kijken!\nIk hoop dat je genoten hebt!",
        "earnCoins": "Verdien {X} munten",
        "getCoins": "Je krijgt {X} munten",
        "addCoins": "Voeg meer munten toe!",
        "buyCoins": "Voeg meer munten toe!",        
        "thanks": "Dankjewel!",
        "noVideo": "Je hebt alle beschikbare\nvideo's voor vandaag gezien",
        "comeBack": "Kom morgen terug!",
        "close": "Afsluiten",        

        "levelLocked": "Level locked!\nTo continue, unlock\nfull version for {X}",
        "wantCoins": "Do you want to have\n{X1} coins for {X2}?",        
        "enterCode": "Enter code",
        "ok": "Ok",
        "cancel": "Cancel",
        "playDemo": "Play DEMO",
        "back": "Go back",
        "tryAgain" : "Try again",     
        "confirm": "Confirm",   
        "buy": "BUY",
        "paymentProgress": "In processing, please wait for a while",
        "paymentSuccess": "Payment successfull",
        "paymentFailed": "Payment failed!",
        "paymentCantAfford": "Payment failed!",
        "paymentThanks": "Thanks! Payment successfull",
        "wantUnlock": "Do you want to unlock\nfull version?"
    },
    "pl": {
        "play": "graj",
        "classic": "klasyczny",
        "magic": "magiczny",
        "multiplayer": "wielu graczy",
        "saveMeFor": "Ocal mnie za",
        "ad": "reklama",
        "highscore": "najlepszy wynik",
        "results": "rezultaty",
        "score": "wynik",
        "best": "najlepszy ",
        "time": "czas",
        "tutorialChange": "Zamień bieżący element na inny",
        "tutorialMini": "Zmniejsza bieżący element do rozmiaru pojedynczego kwadratu",
        "tutorialBomb": "Z góry ekranu spada bomba, która niszczy wszystko, czego dotknie",
        "tutorialBubble": "Wszystkie już spuszczone elementy stają się chybotliwe przez krótki czas. Kliknięcie w te bloki niszczy je",
        "loginPlease": "Zaloguj się przez Facebooka,\naby zachować najlepsze wyniki",
        "tetra": "Tetra!",
        
        "win": "Wygrałeś!",
        "extra": "Ekstra!",        
        "noLives": "Nie masz tylu żyć",
        "payLives": "Zapłać lub obejrzyj reklamę,\naby uzupełnić",
        "getLife": "Zyskujesz żyć: {X}",
        "lastBonus": "ostatni bonus",
        "buy2": "Kup",
        
        "noMoves": "Brak możliwych ruchów",
        "blockSets": "Zestawy klocków",
        "changeFigures": "zmień\nfigury",
        "clearOne": "Wyczyść\njedno pole",
        "clearSame": "Wyczyść\nrodzaj",
        "clearArea": "Wyczyść\nobszar",
        "tapContinue": "Aby kontynuować, stuknij w komórkę.",        
        
        "good": "Dobrze!",
        "fine": "Świetnie!",
        "cool": "Czad!",
        "great": "Wspaniale!",
        "excellent": "Znakomicie!",
        "perfect": "Doskonale!",
        "amazing": "Niesamowicie!",
        "awesome": "Fantastycznie!",
        "godlike": "Bosko!",
        "boom": "Boom!",
        
        "watch": "Zobacz teraz!",
        "claim": "Odbierz",
        "thanks4watch": "Dziękujemy za oglądanie!\nMamy nadzieję, że Ci się podobało!",
        "earnCoins": "Zdobądź {X} monet(y)",
        "getCoins": "Otrzymujesz {X} monet(y)",
        "addCoins": "Dodaj więcej monet!",
        "buyCoins": "Dodaj więcej monet!",        
        "thanks": "Dziękujemy!",
        "noVideo": "Obejrzałeś wszystkie\ndostępne dziś filmy",
        "comeBack": "Wróć jutro!",
        "close": "Zamknij",        

        "levelLocked": "Level locked!\nTo continue, unlock\nfull version for {X}",
        "wantCoins": "Do you want to have\n{X1} coins for {X2}?",        
        "enterCode": "Enter code",
        "ok": "Ok",
        "cancel": "Cancel",
        "playDemo": "Play DEMO",
        "back": "Go back",
        "tryAgain" : "Try again",     
        "confirm": "Confirm",   
        "buy": "BUY",
        "paymentProgress": "In processing, please wait for a while",
        "paymentSuccess": "Payment successfull",
        "paymentFailed": "Payment failed!",
        "paymentCantAfford": "Payment failed!",
        "paymentThanks": "Thanks! Payment successfull",
        "wantUnlock": "Do you want to unlock\nfull version?"
    }
}